201749208|
201749212|Rue des Vergers
201749215|
201749220|
201749222|
201749228|Chemin des Fournets
201749231|
201749232|
201749237|
201749238|
201749242|
201749243|
201749245|
201749246|
201749248|
201749251|
201749256|
201749257|
201749258|
201749260|
201749261|
201749263|
201749264|
201749268|
201749269|
201749270|
201749278|
201749280|
201749281|
201749283|Impasse des Orchidées
201749289|
201749290|
201749291|Chemin de la Bataille
201749296|Chemin de la Chapelle
201749303|Impasse des Pins
201749307|Impasse des Genévriers
201749309|
201749310|Rue du Champ Belland
201749311|
201749316|Place Saint-Roch
202600558|
296075913|Chemin du Chazal
296075914|Chemin du Crozet
296075920|Route de Saint-Claude
296075927|Rue de la Boussière
383710405|
618976559|
618976560|
618976561|
618976562|
730142038|Route de Saint-Claude
