17807753|48.8566969|2.3514616|Paris
20626319|45.7578137|4.8320114|Lyon
26686463|49.1196964|6.1763552|Metz
26686468|47.3900474|0.6889268|Tours
26686473|45.7774551|3.0819427|Clermont-Ferrand
26686477|49.2577886|4.0319260|Reims
26686504|47.3215806|5.0414701|Dijon
26686508|47.9027336|1.9086066|Orléans
26686514|49.8941708|2.2956951|Amiens
26686518|43.6044622|1.4442469|Toulouse
26686524|45.8354243|1.2644847|Limoges
26686526|48.1113387|-1.6800198|Rennes
26686539|45.4401467|4.3873058|Saint-Étienne
26686548|47.2186371|-1.5541362|Nantes
26686554|47.2380222|6.0243622|Besançon
26686559|48.0073498|0.1967379|Le Mans
26686563|48.5846140|7.7507127|Strasbourg
26686568|47.7467000|7.3389275|Mulhouse
26686572|47.4739884|-0.5515588|Angers
26686577|50.6365654|3.0635282|Lille
26686582|43.1257311|5.9304919|Toulon
26686585|43.8374249|4.3600687|Nîmes
26686587|49.4404591|1.0939658|Rouen
26686589|45.1875602|5.7357819|Grenoble
26686593|48.8356649|2.2402060|Boulogne-Billancourt
26686595|43.5298424|5.4474738|Aix-en-Provence
26691381|48.5141594|-2.7602707|Saint-Brieuc
26691384|48.7998560|2.0236070|Bois-d'Arcy
26691385|47.7194057|-1.3757282|Châteaubriant
26691386|48.7419909|7.3625953|Saverne
26691387|48.9863555|2.4500537|Gonesse
26691388|48.0944459|-4.3311243|Douarnenez
26691389|46.3399276|2.6067229|Montluçon
26691390|48.8064996|2.3366502|Arcueil
26691391|48.6272298|2.5937073|Moissy-Cramayel
26691393|42.9638998|1.6053807|Foix
26691394|48.9728571|2.3435610|Montmagny
26691395|50.4754000|2.6621899|Nœux-les-Mines
26691397|50.6608000|3.0446800|Saint-André-lez-Lille
26691399|44.9109239|-0.6369973|Blanquefort
26691400|48.5381859|2.6335912|Le Mée-sur-Seine
26691402|43.7080596|-1.0533076|Dax
26691404|45.1437000|5.7192700|Échirolles
26691406|48.9636566|2.5347541|Villepinte
26691407|43.3641518|-1.7616499|Hendaye
26691408|47.8400712|-0.3352048|Sablé-sur-Sarthe
26691412|43.5827846|1.3466543|Tournefeuille
26691413|48.8278506|2.1319603|Le Chesnay-Rocquencourt
26691414|44.3778474|4.6976609|Pierrelatte
26691415|50.6867281|2.8821690|Armentières
26691416|51.0208780|2.3894321|Coudekerque-Branche
26691417|48.8897044|2.1573695|Chatou
26691418|47.3510905|0.6622524|Joué-lès-Tours
26691419|48.8153095|2.3480887|Gentilly
26691420|49.2607914|2.4733771|Creil
26691421|49.3615058|6.1919276|Yutz
26691422|48.7262225|4.5851622|Vitry-le-François
26691425|48.5916164|6.4919563|Lunéville
26691428|44.1006693|3.0777594|Millau
26691430|48.8515000|2.6526500|Torcy
26691431|50.5199000|2.6478100|Béthune
26691432|48.7144587|2.2453842|Palaiseau
26691434|48.7535540|2.2959423|Antony
26691435|48.8608712|2.5060144|Neuilly-Plaisance
26691436|48.0165000|2.7363600|Châlette-sur-Loing
26691437|48.8565557|2.5290045|Neuilly-sur-Marne
26691440|50.6802124|3.1564365|Croix
26691441|43.4902317|2.3764363|Mazamet
26691444|48.7995951|2.1730571|Viroflay
26691446|48.9146078|2.3821895|Aubervilliers
26691448|49.3579272|6.1675872|Thionville
26691451|47.4622925|6.8308784|Valentigney
26691456|43.7641047|7.4565697|Roquebrune-Cap-Martin
26691457|43.4487615|3.7530636|Frontignan
26691461|47.7639726|-3.3444489|Lanester
26691462|50.4724228|3.5675784|Vieux-Condé
26691463|50.6767018|3.1043032|Marcq-en-Barœul
26691466|48.7342390|7.0557352|Sarrebourg
26691470|46.2051192|5.2250324|Bourg-en-Bresse
26691472|45.2325079|5.6817810|Saint-Égrève
26691475|48.9821445|2.0610573|Andrésy
26691476|45.5872259|5.2828123|Bourgoin-Jallieu
26691478|48.7079028|2.3890941|Athis-Mons
26691480|48.9860250|2.2303498|Franconville-la-Garenne
26691483|48.8437486|2.1853699|Garches
26691484|48.9565669|2.3825154|Stains
26691485|47.8091086|7.2402432|Wittelsheim
26691486|47.4052448|0.6658199|Saint-Cyr-sur-Loire
26691487|43.1378245|5.9834654|La Valette-du-Var
26691488|48.8547584|2.6280757|Noisiel
26691489|48.9026000|2.3055100|Clichy
26691490|43.0935105|5.8393953|Six-Fours-les-Plages
26691492|43.4380714|4.9455950|Fos-sur-Mer
26691494|49.4767370|1.0308208|Maromme
26691495|45.6931647|-0.3250175|Cognac
26691497|43.1249185|6.0128532|La Garde
26691498|49.0527528|2.0388736|Cergy
26691501|50.6915893|3.1741734|Roubaix
26691505|47.3898152|0.7189761|Saint-Pierre-des-Corps
26691507|47.7354591|-3.4270534|Plœmeur
26691509|48.9385489|2.4631476|Le Blanc-Mesnil
26691511|48.4539775|-2.0476870|Dinan
26691514|45.8235140|4.8994366|Rillieux-la-Pape
26691516|50.2796400|3.9674154|Maubeuge
26691519|50.1060835|1.8337029|Abbeville
26691520|43.8085436|4.6392648|Beaucaire
26691521|48.6454528|-2.0154180|Saint-Malo
26691522|48.8783804|2.5905490|Chelles
26691524|43.1758591|5.6062495|La Ciotat
26691525|49.4507987|1.0352069|Canteleu
26691526|43.1202573|6.1301614|Hyères
26691527|43.2328580|0.0781021|Tarbes
26691528|44.4495000|1.4364999|Cahors
26691529|43.3989529|5.3663965|Septèmes-les-Vallons
26691530|48.9606321|2.0698106|Achères
26691533|48.7467819|2.2653844|Verrières-le-Buisson
26691534|48.7811049|2.2619632|Le Plessis-Robinson
26691539|48.7809496|2.1900052|Vélizy-Villacoublay
26691540|50.5139552|1.6386252|Étaples
26691541|45.6140030|5.1580574|Villefontaine
26691542|48.9938791|2.0949768|Conflans-Sainte-Honorine
26691543|48.8384157|2.6327220|Lognes
26691544|44.0066403|4.8725016|Sorgues
26691545|43.8338026|5.7826657|Manosque
26691547|50.7396668|2.7349286|Bailleul
26691548|48.5666645|2.4347044|Mennecy
26691549|45.6072875|4.0627318|Montbrison
26691550|48.6176238|2.4087212|Courcouronnes
26691551|46.8047000|1.6957099|Châteauroux
26691553|49.0212001|2.2480799|Saint-Leu-la-Forêt
26691555|49.3831000|1.0916300|Saint-Étienne-du-Rouvray
26691558|46.0345572|4.0729178|Roanne
26691560|48.6794572|2.3458417|Savigny-sur-Orge
26691563|46.5660526|3.3331703|Moulins
26691565|47.5045657|-0.5956539|Avrillé
26691568|48.8942540|2.1347291|Le Vésinet
26691570|48.8012045|2.4309703|Maisons-Alfort
26691573|51.0134813|2.3029972|Grande-Synthe
26691576|48.6991840|2.1874570|Orsay
26691580|48.8352872|2.5193322|Bry-sur-Marne
26691581|47.2971979|-1.4921233|Carquefou
26691583|47.9960325|-4.1024782|Quimper
26691584|48.9699732|2.3068482|Enghien-les-Bains
26691585|48.9342310|2.4997890|Aulnay-sous-Bois
26691586|48.8924273|2.2071267|Nanterre
26691587|46.1239268|3.4203712|Vichy
26691588|48.7709414|2.0706084|Guyancourt
26691589|50.0018022|2.6509223|Albert
26691590|49.1469437|6.8184829|Freyming-Merlebach
26691591|49.4679000|1.0813000|Mont-Saint-Aignan
26691592|48.9525181|2.3145039|Épinay-sur-Seine
26691595|49.1589278|5.3867277|Verdun
26691596|48.6817080|2.1701573|Les Ulis
26691597|48.7620904|2.6719421|Ozoir-la-Ferrière
26691598|50.7653265|3.0066319|Comines
26691599|46.1686865|1.8713349|Guéret
26691600|50.4052576|1.5711617|Berck
26691601|49.5145564|5.7679082|Longwy
26691602|48.6904522|2.6166737|Brie-Comte-Robert
26691603|49.2515048|6.0938369|Rombas
26691604|49.0074999|2.3880847|Villiers-le-Bel
26691605|48.8009132|2.6068064|Pontault-Combault
26691607|50.4934145|2.9577519|Carvin
26691610|48.7714153|2.3469255|Chevilly-Larue
26691613|43.5369936|1.3457537|Cugnaux
26691619|47.3359617|5.0047641|Talant
26691620|44.9259011|-0.4881846|Ambarès-et-Lagrave
26691621|48.8795658|2.4157960|Les Lilas
26691622|48.7022956|2.3367599|Morangis
26691623|48.6851514|2.4083576|Draveil
26691624|47.7923002|7.3386856|Kingersheim
26691625|50.6026031|3.0697877|Faches-Thumesnil
26691627|48.9756423|2.3275141|Deuil-la-Barre
26691629|43.1177238|5.8008839|Sanary-sur-Mer
26691631|48.6735375|6.2023462|Jarville-la-Malgrange
26691633|43.6036776|2.2417954|Castres
26691636|43.4030980|4.9806998|Port-de-Bouc
26691638|47.7961287|3.5705790|Auxerre
26691640|48.9802035|2.5589558|Tremblay-en-France
26691643|44.1253665|4.0852818|Alès
26691645|48.7489857|2.4809129|Limeil-Brévannes
26691648|48.8818860|2.5076181|Villemomble
26691651|45.7420801|-0.6299329|Saintes
26691656|48.9076421|2.1492681|Montesson
26691659|50.2513704|3.9200611|Hautmont
26691662|48.9082988|2.5034999|Les Pavillons-sous-Bois
26691670|48.7350308|2.4077003|Villeneuve-le-Roi
26691672|48.7698937|2.0381228|Montigny-le-Bretonneux
26691678|48.8732841|2.6398292|Vaires-sur-Marne
26691681|48.5425109|7.7102193|Ostwald
26691683|43.4872341|5.2342903|Rognac
26691686|45.7337532|4.9092352|Bron
26691689|49.1512109|2.2765575|Persan
26691691|48.7428859|-0.0223695|Argentan
26691694|46.1591126|-1.1520434|La Rochelle
26691701|43.4511819|5.4127848|Bouc-Bel-Air
26691704|47.7477336|-3.3660907|Lorient
26691706|45.7736060|4.9633314|Décines-Charpieu
26691707|45.7784255|4.9206153|Vaulx-en-Velin
26691709|43.6776223|4.6309653|Arles
26691710|45.7362255|4.7934767|Sainte-Foy-lès-Lyon
26691711|43.5827330|5.0025809|Miramas
26691712|45.8676254|5.9428591|Rumilly
26691713|48.9148269|2.2674892|Bois-Colombes
26691715|48.9069349|2.2465748|La Garenne-Colombes
26691716|50.6540895|3.1839429|Hem
26691717|45.1950183|5.6869624|Fontaine
26691719|48.9891693|2.3197111|Montmorency
26691720|47.8086824|7.1787669|Cernay
26691722|48.8716626|2.4875193|Rosny-sous-Bois
26691725|43.6434000|1.3779900|Blagnac
26691728|48.7997756|2.2897124|Châtillon
26691730|49.1094836|7.0708865|Sarreguemines
26691734|45.5844238|4.7696529|Givors
26691737|48.8106578|2.0461549|Fontenay-le-Fleury
26691742|43.5653012|1.2978343|Plaisance-du-Touch
26691743|43.6745265|4.1348062|Lunel
26691744|48.6731344|6.1536378|Villers-lès-Nancy
26691745|48.9717267|2.2568296|Sannois
26691746|43.6393171|3.9133311|Castelnau-le-Lez
26691747|50.6211244|2.4574631|Isbergues
26691748|48.9973824|2.3568948|Saint-Brice-sous-Forêt
26691749|46.8054064|4.4285961|Le Creusot
26691751|47.4115613|2.9273937|Cosne-Cours-sur-Loire
26691753|50.7371000|2.2483300|Longuenesse
26691757|45.7598386|4.7657747|Tassin-la-Demi-Lune
26691759|49.6179384|0.7538866|Yvetot
26691760|48.7876000|2.3916400|Vitry-sur-Seine
26691761|48.8846830|2.2695658|Neuilly-sur-Seine
26691762|49.2479000|3.9860100|Tinqueux
26691763|45.9361246|6.6302551|Sallanches
26691764|48.8126688|2.2385432|Meudon
26691765|45.8557950|3.5489707|Thiers
26691766|49.1995900|6.6893987|Creutzwald
26691767|50.4474100|2.9068246|Harnes
26691768|43.5653993|3.9017114|Lattes
26691769|46.5802596|0.3401960|Poitiers
26691773|50.3710165|3.5547336|Saint-Saulve
26691774|47.2217489|2.0691421|Vierzon
26691775|48.8183717|2.4668077|Joinville-le-Pont
26691776|43.4330308|6.7360182|Fréjus
26691777|48.3044218|-0.6179871|Mayenne
26691778|48.8493972|2.5519571|Noisy-le-Grand
26691780|43.8820448|4.8556800|Châteaurenard
26691781|46.8425572|-0.4929017|Bressuire
26691782|50.6691577|3.1312447|Wasquehal
26691783|48.7997080|2.0672138|Saint-Cyr-l'École
26691784|47.4819786|6.8413684|Audincourt
26691786|48.6371125|4.9473513|Saint-Dizier
26691790|50.9870697|2.1273118|Gravelines
26691791|50.7531232|3.1209016|Roncq
26691792|50.4643000|2.9938700|Oignies
26691793|48.9591392|1.8554319|Aubergenville
26691794|48.7795178|2.3160850|Bourg-la-Reine
26691795|47.8080799|7.3373681|Wittenheim
26691796|46.0603171|6.5804218|Cluses
26691797|46.1934005|6.2341093|Annemasse
26691798|47.8655638|5.3314162|Langres
26691799|48.8478753|2.1361450|La Celle-Saint-Cloud
26691800|44.5007939|0.1642740|Marmande
26691801|47.0921047|5.4925463|Dole
26691805|48.8174048|2.2971588|Malakoff
26691807|48.8432633|2.4185126|Saint-Mandé
26691812|48.9351403|2.4258354|Le Bourget
26691814|48.4913857|-2.7934447|Ploufragan
26691817|48.6599676|6.1724618|Vandœuvre-lès-Nancy
26691819|48.9748938|1.7109449|Mantes-la-Ville
26691820|48.3503362|-1.1958526|Fougères
26691822|48.7301580|2.2766735|Massy
26691823|44.5611978|6.0820018|Gap
26691824|49.9246182|1.0791444|Dieppe
26691825|46.6740455|4.3631681|Montceau-les-Mines
26691826|43.5439153|6.9359135|Mandelieu-la-Napoule
26691827|49.0268903|1.1510164|Évreux
26691830|48.9898588|2.1661620|Herblay-sur-Seine
26691832|50.2988884|3.3909158|Douchy-les-Mines
26691834|43.2130358|2.3491069|Carcassonne
26691836|48.9229416|2.1868998|Houilles
26691837|48.8091528|2.5732616|Le Plessis-Trévise
26691840|43.4014434|3.6959771|Sète
26691841|44.5180226|3.4991057|Mende
26691842|50.9488000|1.8746800|Calais
26691845|43.6690101|7.1906969|Saint-Laurent-du-Var
26691846|47.1905456|-1.5695287|Rezé
26691847|50.4517470|3.5899406|Condé-sur-l'Escaut
26691849|48.9921015|1.7353686|Limay
26691851|49.1515848|6.1519224|Woippy
26691852|43.3134787|3.4771629|Agde
26691854|47.8690062|-3.5516222|Quimperlé
26691855|47.9098024|1.8717431|Saint-Jean-de-la-Ruelle
26691856|48.8953328|2.2561602|Courbevoie
26691858|48.9173350|2.5298854|Livry-Gargan
26691860|44.1371311|4.8078783|Orange
26691861|49.4300997|2.0823355|Beauvais
26691862|48.7166545|1.3650922|Vernouillet
26691863|45.7754498|4.7785644|Écully
26691864|45.6754622|6.3925417|Albertville
26691867|49.2361978|2.1355087|Méru
26691869|48.9254221|2.2940122|Gennevilliers
26691870|50.4464000|2.7198900|Bully-les-Mines
26691871|49.0192178|2.0910817|Éragny-sur-Oise
26691873|48.9025946|6.0547691|Pont-à-Mousson
26691875|50.7029000|3.1368900|Mouvaux
26691876|48.7790592|2.2886619|Sceaux
26691877|48.4489382|1.4580047|Mainvilliers
26691878|47.6197251|6.1545239|Vesoul
26691879|48.9267236|2.3896123|La Courneuve
26691880|49.0425610|3.9528655|Épernay
26691881|48.9437694|2.0341747|Carrières-sous-Poissy
26691882|43.7578000|1.9972300|Graulhet
26691883|48.8830565|2.4040111|Le Pré-Saint-Gervais
26691884|44.1604810|4.6235831|Bagnols-sur-Cèze
26691885|48.5824932|-3.8331972|Morlaix
26691888|47.9990047|2.7364119|Montargis
26691893|43.1077682|0.7247218|Saint-Gaudens
26691894|48.8710147|2.2252883|Suresnes
26691895|46.9510313|4.2989478|Autun
26691897|43.4758249|5.1673492|Berre-l'Étang
26691898|45.9584309|5.3595099|Ambérieu-en-Bugey
26691899|45.0459739|3.8855537|Le Puy-en-Velay
26691900|45.7157000|4.8027100|Oullins
26691901|44.3516207|2.5728419|Rodez
26691902|44.7737872|-0.5595029|Villenave-d'Ornon
26691903|45.5432973|3.2502213|Issoire
26691904|44.6338602|-1.0845304|Gujan-Mestras
26691906|49.3043497|6.1041352|Fameck
26691907|49.2561311|2.4342569|Montataire
26691909|48.8262055|2.5406696|Villiers-sur-Marne
26691914|47.7441969|7.3968786|Rixheim
26691916|45.6977109|4.8855966|Vénissieux
26691919|45.1790768|5.6899617|Seyssinet-Pariset
26691920|47.9309156|1.9208883|Fleury-les-Aubrais
26691921|50.3579317|3.5234846|Valenciennes
26691922|50.6093554|2.9864421|Haubourdin
26691923|48.9959113|2.1989225|Montigny-lès-Cormeilles
26691924|48.9931578|1.9099280|Les Mureaux
26691925|48.7790514|2.3373021|L'Haÿ-les-Roses
26691926|49.4695338|1.0495889|Déville-lès-Rouen
26691928|45.5459946|2.3110597|Ussel
26691931|48.8086915|2.1883487|Chaville
26691933|44.2803882|4.7484092|Bollène
26691934|50.4821963|2.5461922|Bruay-la-Buissière
26691935|48.9703664|2.2840639|Saint-Gratien
26691936|44.7352708|4.5986733|Privas
26691937|48.8992679|2.5660399|Montfermeil
26691938|48.8176111|2.4420702|Saint-Maurice
26691939|48.2784599|4.0507314|Saint-André-les-Vergers
26691940|43.9636595|4.7969224|Villeneuve-lès-Avignon
26691941|50.4291723|2.8319805|Lens
26691942|49.6425343|-1.6249565|Cherbourg
26691943|48.8051624|2.4197113|Alfortville
26691944|46.1085565|5.8259295|Bellegarde-sur-Valserine
26691947|43.5761076|7.0191865|Le Cannet
26691950|49.0323168|2.4733628|Goussainville
26691953|50.7235038|3.1605714|Tourcoing
26691955|48.9479069|2.2481797|Argenteuil
26691956|43.6951468|5.5032671|Pertuis
26691959|50.6092082|3.0162523|Loos
26691961|46.7227062|2.5046503|Saint-Amand-Montrond
26691964|47.1793010|-1.6233691|Bouguenais
26691968|45.6965347|4.9441635|Saint-Priest
26691970|48.9409016|2.1585037|Sartrouville
26691971|43.1007714|5.8788948|La Seyne-sur-Mer
26691972|44.9528222|4.8953847|Bourg-lès-Valence
26691973|46.5664766|3.3550826|Yzeure
26691974|48.7018823|2.1345290|Gif-sur-Yvette
26691975|49.4068986|1.0507926|Le Grand-Quevilly
26691976|48.9759637|2.1998877|Cormeilles-en-Parisis
26691977|46.7888997|4.8529605|Chalon-sur-Saône
26691978|48.6407872|2.3259129|Sainte-Geneviève-des-Bois
26691979|46.6481266|-0.2472687|Parthenay
26691980|48.4049375|2.7015872|Fontainebleau
26691981|43.8757936|5.3970648|Apt
26691982|48.8388009|2.4917292|Nogent-sur-Marne
26691983|49.1043397|6.7071754|Saint-Avold
26691985|48.7643664|2.3910240|Thiais
26691990|44.8958887|-0.7170764|Saint-Médard-en-Jalles
26691992|48.8490721|2.4749347|Fontenay-sous-Bois
26691994|50.2910480|2.7772211|Arras
26691995|43.8911318|-0.5009720|Mont-de-Marsan
26691996|44.8056150|-0.6308396|Pessac
26691997|48.8137759|2.5107384|Champigny-sur-Marne
26691998|50.4205435|2.8591238|Sallaumines
26691999|46.9876601|3.1577203|Nevers
26692000|48.8250508|2.2734570|Issy-les-Moulineaux
26692001|48.7771486|2.4530731|Créteil
26692002|48.7479193|2.5124717|Boissy-Saint-Léger
26692003|48.0710377|-0.7723499|Laval
26692004|48.6943793|2.2953297|Longjumeau
26692005|48.9839674|2.6183971|Mitry-Mory
26692007|49.4684680|5.9326783|Villerupt
26692008|45.0458886|5.0528681|Romans-sur-Isère
26692009|48.2594396|7.4542170|Sélestat
26692010|47.8057224|-3.2751147|Hennebont
26692012|48.8198479|2.4159508|Charenton-le-Pont
26692013|50.4521000|2.9462100|Courrières
26692014|48.8777800|2.1802832|Rueil-Malmaison
26692017|47.9494039|1.8764209|Saran
26692023|44.8661755|-0.5992399|Le Bouscat
26692024|50.5037492|2.4682059|Auchel
26692026|48.7682281|7.8597466|Bischwiller
26692027|48.8121301|3.0843818|Coulommiers
26692028|48.7546687|2.3227967|Fresnes
26692029|48.8437412|2.2193440|Saint-Cloud
26692030|48.8897751|2.4516055|Noisy-le-Sec
26692031|44.6316943|-1.1491319|La Teste-de-Buch
26692033|48.7618735|1.9451480|Maurepas
26692034|47.4460674|-0.4652452|Trélazé
26692035|48.8173990|1.9476363|Plaisir
26692037|43.5761001|7.0585900|Vallauris
26692038|50.7826693|3.1249234|Halluin
26692039|48.1197799|-1.6038829|Cesson-Sévigné
26692040|48.7670404|2.2775316|Châtenay-Malabry
26692041|48.9063870|2.4452231|Bobigny
26692042|50.6477924|3.0223644|Lambersart
26692044|48.3185478|4.0413095|La Chapelle-Saint-Luc
26692047|48.2873153|6.9477708|Saint-Dié-des-Vosges
26692049|49.0271275|2.3265982|Domont
26692051|48.9875044|2.3002885|Soisy-sous-Montmorency
26692052|46.3036683|4.8322266|Mâcon
26692053|48.6099887|2.3075288|Brétigny-sur-Orge
26692057|43.4433565|6.6363623|Roquebrune-sur-Argens
26692058|50.5878779|3.0511655|Wattignies
26692059|43.9016766|1.8967943|Gaillac
26692060|43.8356808|5.0383522|Cavaillon
26692061|47.0617293|-0.8801349|Cholet
26692062|45.6512748|0.1576745|Angoulême
26692064|50.0171741|4.0458492|Fourmies
26692072|48.8681762|2.0965935|Marly-le-Roi
26692074|47.7492477|7.3682858|Riedisheim
26692077|48.9891971|1.7140683|Mantes-la-Jolie
26692079|50.6565418|3.0678164|La Madeleine
26692081|49.3424375|1.0957098|Oissel
26692082|47.2035029|-1.4992075|Saint-Sébastien-sur-Loire
26692085|43.4599858|1.3262332|Muret
26692087|47.8757017|-3.9223889|Concarneau
26692090|48.9392142|2.5257254|Sevran
26692092|48.5399270|2.6608169|Melun
26692095|44.5579391|4.7503180|Montélimar
26692097|48.6538754|2.4151151|Ris-Orangis
26692098|49.0300763|2.0205773|Vauréal
26692100|49.5459699|0.9522586|Barentin
26692102|50.3916313|3.4823888|Raismes
26692107|48.6212867|7.7554925|Hœnheim
26692110|48.7681182|1.9493520|Élancourt
26692111|47.6379599|6.8628942|Belfort
26692112|50.4245000|2.7738000|Liévin
26692113|45.9864749|4.7266110|Villefranche-sur-Saône
26692114|43.5374662|6.4627333|Draguignan
26692117|47.9200018|1.9737186|Saint-Jean-de-Braye
26692119|48.9703841|2.3990240|Garges-lès-Gonesse
26692120|43.7482810|7.4219677|Beausoleil
26692121|48.8773018|2.7056056|Lagny-sur-Marne
26692122|45.5005319|4.2440138|Saint-Just-Saint-Rambert
26692123|50.1759602|3.2356613|Cambrai
26692124|47.7815313|7.3473390|Illzach
26692125|48.5602959|3.2988089|Provins
26692127|48.6241665|2.4289667|Évry-Courcouronnes
26692128|45.7969952|4.8423304|Caluire-et-Cuire
26692130|48.6047148|7.7484488|Schiltigheim
26692132|48.6998552|2.4172117|Vigneux-sur-Seine
26692136|43.9277552|2.1478990|Albi
26692137|43.6589011|6.9239103|Grasse
26692140|43.3804293|5.1646417|Châteauneuf-les-Martigues
26692142|49.0917814|1.4886571|Vernon
26692144|45.1236837|5.6978136|Le Pont-de-Claix
26692145|48.9917676|2.2585679|Ermont
26692146|48.7945413|2.3340758|Cachan
26692147|43.1497034|6.0737053|La Crau
26692149|48.7711323|2.5221284|Sucy-en-Brie
26692150|48.8688199|2.4173658|Bagnolet
26692151|48.2680260|2.6953079|Nemours
26692152|47.1685211|-1.4722242|Vertou
26692153|48.9250016|2.2105491|Bezons
26692155|45.5288401|4.6187386|Rive-de-Gier
26692157|46.3731303|6.4779448|Thonon-les-Bains
26692159|49.3012483|2.6045838|Pont-Sainte-Maxence
26692162|50.7229048|1.6467738|Saint-Martin-Boulogne
26692167|45.8942555|4.4371374|Tarare
26692169|47.4110351|0.9836980|Amboise
26692172|50.6193174|3.1314002|Villeneuve-d'Ascq
26692173|50.7036916|1.5845684|Outreau
26692174|45.9442642|-0.9690432|Rochefort
26692175|50.3973009|3.5428270|Bruay-sur-l'Escaut
26692178|48.4346366|-4.4009790|Guipavas
26692180|49.7577729|0.3748910|Fécamp
26692183|51.0347708|2.3772525|Dunkerque
26692186|49.1125294|2.2186324|L'Isle-Adam
26692188|48.9134112|2.1779083|Carrières-sur-Seine
26692190|45.7001000|4.8493500|Saint-Fons
26692192|44.9285441|2.4433101|Aurillac
26692194|43.6121001|1.3282149|Colomiers
26692198|48.8986666|2.5155626|Le Raincy
26692201|48.6641415|2.3527728|Morsang-sur-Orge
26692204|47.2711217|-1.6232060|Orvault
26692207|49.1862822|6.8958562|Forbach
26692209|50.6428547|3.1093516|Mons-en-Barœul
26692210|47.7934453|1.0662256|Vendôme
26692211|50.4126128|2.8343891|Avion
26692212|49.0999832|6.1530410|Montigny-lès-Metz
26692213|48.8214478|1.9871825|Les Clayes-sous-Bois
26692214|49.0902278|0.5989157|Bernay
26692215|44.9332277|4.8920811|Valence
26692216|48.8623357|2.4412184|Montreuil
26692219|48.8406270|2.5077111|Le Perreux-sur-Marne
26692222|48.0647729|-2.9675702|Pontivy
26692227|50.7521914|2.2540754|Saint-Omer
26692228|49.1923042|2.4657500|Chantilly
26692229|50.7226113|2.5360331|Hazebrouck
26692230|45.2678158|1.7706904|Tulle
26692231|48.7038873|2.4605107|Montgeron
26692232|43.6579947|7.1217592|Villeneuve-Loubet
26692233|43.3351381|5.4832687|Allauch
26692234|44.8327000|-0.5208230|Floirac
26692235|50.7034622|3.0921638|Bondues
26692236|47.2932000|5.0030800|Chenôve
26692237|49.5730959|0.4733749|Bolbec
26692238|43.3192021|1.9533495|Castelnaudary
26692239|43.6770070|4.4318488|Saint-Gilles
26692242|43.5139051|4.9884323|Istres
26692247|47.2596224|-0.0785177|Saumur
26692250|48.8125893|2.3570028|Le Kremlin-Bicêtre
26692252|50.3703683|3.0761377|Douai
26692254|45.4748298|4.5098046|Saint-Chamond
26692255|49.2716839|1.2128992|Val-de-Reuil
26692257|48.9892126|2.4202824|Arnouville
26692259|45.7391140|3.1961893|Cournon-d'Auvergne
26692260|47.4286962|-0.5270662|Les Ponts-de-Cé
26692261|43.0940904|-0.0464975|Lourdes
26692262|48.6762624|5.8941759|Toul
26692263|43.3087100|6.6377140|Sainte-Maxime
26692266|48.9566218|4.3628851|Châlons-en-Champagne
26692268|43.2957547|-0.3685668|Pau
26692272|43.2924385|5.5703031|Aubagne
26692274|48.9393440|2.6176193|Villeparisis
26692275|49.2744711|2.4676727|Nogent-sur-Oise
26692276|49.5456435|0.1924180|Montivilliers
26692277|48.6302735|2.3027478|Saint-Michel-sur-Orge
26692278|48.1111324|5.1395849|Chaumont
26692279|49.4704784|1.1200924|Bois-Guillaume
26692280|50.4491519|3.4281142|Saint-Amand-les-Eaux
26692281|48.8526892|2.6027219|Champs-sur-Marne
26692283|43.6405237|5.0980225|Salon-de-Provence
26692284|45.7764637|5.0044767|Meyzieu
26692288|48.7911052|2.2870373|Fontenay-aux-Roses
26692291|48.7168110|2.4879753|Yerres
26692293|48.9637589|2.3601022|Pierrefitte-sur-Seine
26692295|48.9609676|2.3436609|Villetaneuse
26692298|48.7737116|2.4869009|Bonneuil-sur-Marne
26692299|43.5836000|7.1090500|Antibes
26692300|49.2157245|1.1646335|Louviers
26692301|46.3239455|-0.4645212|Niort
26692303|48.9960813|2.3796245|Sarcelles
26692306|45.3966546|4.3247696|Le Chambon-Feugerolles
26692309|48.8852958|2.4358326|Romainville
26692313|47.6918575|2.6313889|Gien
26692320|46.9477826|1.9889131|Issoudun
26692324|50.4194308|2.9469926|Hénin-Beaumont
26692328|48.8172236|7.7885978|Haguenau
26692331|47.6664485|-2.9833718|Auray
26692334|48.4514803|-4.2557901|Landerneau
26692338|48.6148396|7.7523716|Bischheim
26692341|43.4162729|5.2146275|Marignane
26692344|47.9778853|2.7673117|Amilly
26692351|46.3877989|5.8641501|Saint-Claude
26692356|48.3817165|-4.6212044|Plouzané
26692357|50.7259985|1.6118771|Boulogne-sur-Mer
26692364|45.3631386|5.5910751|Voiron
26692366|43.4593696|5.2482643|Vitrolles
26692371|43.7431396|7.3134223|La Trinité
26692374|47.5876861|1.3337639|Blois
26692377|45.6245332|-1.0287636|Royan
26692380|45.7357480|4.7647304|Francheville
26692383|48.9357730|2.3580232|Saint-Denis
26692385|49.0116000|2.0319400|Jouy-le-Moutier
26692387|48.8853708|2.5361783|Gagny
26692389|49.2358509|2.8900507|Crépy-en-Valois
26692393|50.6713000|3.2162100|Lys-lez-Lannoy
26692395|48.7760957|1.9988356|Trappes
26692398|48.5348817|-2.7695752|Plérin
26692403|47.0805693|2.3989320|Bourges
26692407|50.3500747|3.5435909|Marly
26692411|48.7630238|2.4093664|Choisy-le-Roi
26692415|47.3582970|1.7449838|Romorantin-Lanthenay
26692419|43.4556130|5.4710661|Gardanne
26692429|48.8212037|2.2892590|Vanves
26692436|48.7921098|2.3633048|Villejuif
26692439|46.6413462|4.3717516|Saint-Vallier
26692442|47.9094629|7.2113271|Guebwiller
26692449|46.4810422|3.9786291|Digoin
26692451|43.1397205|5.8483538|Ollioules
26692457|47.8650984|1.9015752|Olivet
26692459|50.3589237|3.2810972|Somain
26692462|50.7016015|3.2153907|Wattrelos
26692465|45.8992348|6.1288847|Annecy
26692470|48.7443189|2.4699741|Valenton
26692473|48.6848709|6.1522232|Laxou
26692481|47.2996846|-1.5518632|La Chapelle-sur-Erdre
26692488|49.2871086|1.0108998|Elbeuf
26692491|48.8035403|2.1266886|Versailles
26692495|48.7305272|2.4478200|Villeneuve-Saint-Georges
26692496|48.6979312|2.5044613|Brunoy
26692498|48.1978559|3.2826060|Sens
26692499|48.9461437|2.1450951|Maisons-Laffitte
26692500|47.2233007|-1.6346964|Saint-Herblain
26692501|43.6612012|7.1513834|Cagnes-sur-Mer
26692502|47.5860467|7.5615765|Saint-Louis
26692503|49.4179497|2.8263171|Compiègne
26692504|43.6501518|1.4846885|L'Union
26692505|43.5515198|7.0134418|Cannes
26692506|45.8930680|3.1136667|Riom
26692507|49.4238000|1.0620800|Le Petit-Quevilly
26692508|48.8376284|-1.5959213|Granville
26692509|48.7712673|5.1623805|Bar-le-Duc
26692512|48.5298611|7.7116218|Illkirch-Graffenstaden
26692514|50.4015803|2.8664217|Méricourt
26692516|47.0239064|4.8380426|Beaune
26692517|48.7960018|2.5426621|Chennevières-sur-Marne
26692519|48.8279362|2.1894241|Ville-d'Avray
26692521|48.6558860|2.3860488|Grigny
26692522|44.0554997|5.0487520|Carpentras
26692523|48.7856410|2.5483998|Ormesson-sur-Marne
26692524|48.5958681|2.5798953|Savigny-le-Temple
26692525|45.4348987|4.3212622|Roche-la-Molière
26692526|43.9621858|4.8602588|Le Pontet
26692527|48.7950560|2.3027323|Bagneux
26692528|48.5361215|2.5273471|Saint-Fargeau-Ponthierry
26692529|48.4344621|2.1614464|Étampes
26692531|44.8984037|6.6436313|Briançon
26692534|43.6008898|6.9963543|Mougins
26692539|48.6452851|1.8192070|Rambouillet
26692542|48.6877000|2.5162000|Épinay-sous-Sénart
26692546|45.5252114|4.8747841|Vienne
26692553|44.8088438|-0.5879629|Talence
26692555|47.2115054|-1.7271466|Couëron
26692559|46.8180047|0.5458120|Châtellerault
26692561|48.6937223|6.1834097|Nancy
26692564|48.5195734|3.7264161|Romilly-sur-Seine
26692565|43.9185354|5.0515385|L'Isle-sur-la-Sorgue
26692566|46.2575174|5.6556181|Oyonnax
26692567|48.8929560|2.2881683|Levallois-Perret
26692568|48.7026161|2.3123582|Chilly-Mazarin
26692569|49.2011432|6.9276846|Stiring-Wendel
26692570|45.3869468|4.2858545|Firminy
26692571|50.4269000|2.9298800|Montigny-en-Gohelle
26692572|46.1324239|3.4602736|Cusset
26692573|43.3426562|3.2131307|Béziers
26692575|48.9906696|2.2794326|Eaubonne
26692576|48.9792052|1.9756367|Verneuil-sur-Seine
26692577|48.2971626|4.0746257|Troyes
26692578|43.7846000|7.1878500|Carros
26692580|47.9692830|0.1578819|Allonnes
26692581|49.0508845|2.1008067|Pontoise
26692582|46.6739021|5.5586167|Lons-le-Saunier
26692584|48.8188544|2.3194375|Montrouge
26692588|46.9040348|6.3546345|Pontarlier
26692590|48.9227880|2.2543577|Colombes
26692592|48.9229803|2.4455201|Drancy
26692593|43.7226704|7.1114175|Vence
26692595|48.4312059|0.0911374|Alençon
26692596|44.8534568|0.4875310|Bergerac
26692598|44.9325450|4.8708275|Guilherand-Granges
26692600|47.5102368|6.7977564|Montbéliard
26692602|45.7732000|3.0611500|Chamalières
26692603|50.6457022|2.9870927|Lomme
26692604|43.4098822|5.3090324|Les Pennes-Mirabeau
26692608|49.0660487|2.0614598|Osny
26692611|48.8247407|2.2127083|Sèvres
26692613|47.3577000|0.7399230|Saint-Avertin
26692615|48.9350488|2.3324727|Villeneuve-la-Garenne
26692618|48.7903787|2.6545195|Roissy-en-Brie
26692622|50.2981395|4.0990614|Jeumont
26692625|49.3278069|6.1228270|Florange
26692627|45.1584982|1.5332389|Brive-la-Gaillarde
26692629|48.3849647|2.9557006|Montereau-Fault-Yonne
26692632|48.9031000|2.4829100|Bondy
26692635|48.5559512|7.6817943|Lingolsheim
26694333|43.6203852|6.9703991|Mouans-Sartoux
26694365|50.4197690|2.9964590|Noyelles-Godault
26694382|44.8753434|4.8774936|Portes-lès-Valence
26694387|43.6411410|7.0086255|Valbonne
26694399|46.4505590|4.1177959|Paray-le-Monial
26694410|48.3553014|5.6948571|Neufchâteau
26694416|45.2926341|4.1727546|Monistrol-sur-Loire
26694473|42.7910617|0.5912279|Bagnères-de-Luchon
26694508|47.6510682|-2.0842143|Redon
26694539|49.2102520|6.1600345|Maizières-lès-Metz
26694579|50.6395937|2.4000602|Aire-sur-la-Lys
26694590|46.6331207|1.0630185|Le Blanc
26694592|48.9460871|2.6883703|Claye-Souilly
26694598|46.1209036|1.0502545|Bellac
26694604|49.3449986|6.1343914|Terville
26694621|44.8879431|1.2161321|Sarlat-la-Canéda
26694644|46.3324378|6.0588831|Gex
26694653|49.2160771|6.1164164|Marange-Silvange
26694697|47.9825085|3.3991365|Joigny
26694742|48.6137867|2.5053810|Saint-Pierre-du-Perray
26694777|47.2739351|-1.7810546|Saint-Étienne-de-Montluc
26694814|50.9683886|2.4325247|Bergues
26694827|43.6140784|3.8101646|Juvignac
26694850|47.4036631|0.5961846|Fondettes
26694914|42.7732114|2.9891635|Saint-Laurent-de-la-Salanque
26694944|48.7903338|2.5749323|La Queue-en-Brie
26694957|48.9538155|2.4147330|Dugny
26694968|49.2603613|6.1420739|Amnéville
26695001|45.8369971|1.3059422|Panazol
26695010|47.8869822|1.8398174|La Chapelle-Saint-Mesmin
26695030|43.7253162|-1.0515491|Saint-Paul-lès-Dax
26695037|49.2514437|6.0453982|Moyeuvre-Grande
26695049|48.0881550|-1.6171482|Chantepie
26695118|43.5353273|1.2314988|Fonsorbes
26695240|45.6185284|6.7694313|Bourg-Saint-Maurice
26695241|44.9549001|-0.6683986|Le Pian-Médoc
26695307|48.0158951|6.5912615|Remiremont
26695312|45.4572041|4.4489864|Saint-Jean-Bonnefonds
26695336|48.5274621|2.6796461|Vaux-le-Pénil
26695375|44.2407641|5.0757370|Vaison-la-Romaine
26695401|47.8945402|-4.0115365|Fouesnant
26695485|45.2066078|5.6629992|Sassenage
26695492|47.8101008|7.1020957|Thann
26695496|46.4339138|4.6575708|Cluny
26695617|50.3870769|3.6011231|Onnaing
26695638|48.6251435|-2.0584211|Dinard
26695667|43.4245985|3.5988383|Mèze
26695678|45.7971315|3.2492577|Pont-du-Château
26695701|48.6316608|2.5514783|Lieusaint
26695703|48.4623358|7.4817123|Obernai
26695705|45.1435556|4.1244363|Yssingeaux
26695715|45.6230017|5.2298398|L'Isle-d'Abeau
26695717|43.5519847|1.5339526|Saint-Orens-de-Gameville
26695757|45.0334949|3.0931009|Saint-Flour
26695763|48.5288442|2.0153689|Dourdan
26695781|48.5127551|-4.0699356|Landivisiau
26695789|42.7100287|2.8456715|Saint-Estève
26695811|43.6112217|1.5057917|Balma
26695823|45.1539715|5.3203470|Saint-Marcellin
26695844|44.3851455|4.9906089|Valréas
26695858|46.1838437|6.2111690|Gaillard
26695866|47.7894226|-3.4914955|Guidel
26695868|50.7502701|3.1525135|Neuville-en-Ferrain
26695986|48.7632030|5.5914753|Commercy
26696014|49.2789504|1.7778260|Gisors
26696044|44.1963467|5.9443791|Sisteron
26696063|48.1817122|-1.6414898|Betton
26696080|42.6176479|3.0043728|Saint-Cyprien
26696128|43.0538068|2.2176533|Limoux
26696219|46.5815678|1.9892292|La Châtre
26696225|46.5695048|0.6439464|Chauvigny
26696266|48.6725622|2.3244460|Épinay-sur-Orge
26696275|45.9246705|6.8727506|Chamonix-Mont-Blanc
26696276|47.6903849|-2.7358875|Saint-Avé
26696285|45.8250404|3.1435185|Gerzat
26696299|48.7423961|2.2257833|Igny
26696338|48.7000046|2.2276489|Villebon-sur-Yvette
26696362|48.0245814|-1.7471629|Bruz
26696369|47.3814000|0.6379190|La Riche
26696475|48.5618483|-3.1502007|Guingamp
26696526|45.7607580|5.6861466|Belley
26696572|43.6989332|1.8151870|Lavaur
26696592|43.2008841|2.7574981|Lézignan-Corbières
26696603|45.7539740|3.0865394|Beaumont
26696621|47.2613293|-2.3364238|Pornichet
26696675|47.3390872|0.7143680|Chambray-lès-Tours
26696677|44.2538589|4.6456631|Pont-Saint-Esprit
26696726|48.0806436|-1.7135029|Saint-Jacques-de-la-Lande
26696759|50.2002502|3.8336383|Aulnoye-Aymeries
26696761|43.4469081|5.6851425|Trets
26696885|49.9289578|2.9321899|Péronne
26696952|47.3125861|5.1162694|Quetigny
26696970|44.6092335|2.0324321|Figeac
26696998|47.1152695|-2.1040102|Pornic
26697039|49.4461066|5.6007320|Longuyon
26697059|45.6193985|4.6705920|Mornant
26697092|49.0508729|7.4254577|Bitche
26697108|49.3007649|6.1588684|Uckange
26697127|47.2977106|5.1382218|Chevigny-Saint-Sauveur
26697220|47.4683081|-0.4932941|Saint-Barthélemy-d'Anjou
26697250|49.1569586|5.8821708|Jarny
26697260|42.7043590|3.0105105|Canet-en-Roussillon
26697281|43.9984627|5.0592550|Pernes-les-Fontaines
26697283|43.1810087|5.7115160|Saint-Cyr-sur-Mer
26697285|43.1037608|6.0223774|Le Pradet
26697311|48.7651713|0.6278039|L'Aigle
26697346|49.0449139|2.5096751|Louvres
26697369|49.2619543|6.1683320|Mondelange
26697382|50.5606000|2.4760400|Lillers
26697421|46.0672347|6.3125923|La Roche-sur-Foron
26697440|45.5984113|5.8767935|La Motte-Servolex
26697459|48.1465726|-1.7728997|Pacé
26697461|48.4688058|-2.5174411|Lamballe
26697475|46.2440083|6.0253162|Saint-Genis-Pouilly
26697476|45.5504338|3.7426390|Ambert
26697501|46.1089382|4.7486553|Belleville
26697612|45.7512575|3.1144195|Aubière
26697628|44.8405364|-0.7761489|Martignas-sur-Jalle
26697672|42.5490447|3.0300793|Argelès-sur-Mer
26697684|44.0349281|4.9968733|Monteux
26697695|49.3817829|2.4079115|Clermont
26697793|48.3725412|6.2933856|Charmes
26697826|45.0675156|4.8328520|Tournon-sur-Rhône
26697875|43.3688436|5.6298611|Auriol
26697878|49.0600241|6.1545719|Marly
26697888|48.1762534|-2.7535644|Loudéac
26697949|48.3728650|2.8161541|Moret-Loing-et-Orvanne
26697953|46.1444789|6.0812467|Saint-Julien-en-Genevois
26697984|45.2775258|6.3453329|Saint-Jean-de-Maurienne
26698070|43.3460029|5.4618046|Plan-de-Cuques
26698099|46.5636138|4.9104079|Tournus
26698157|44.5530659|-0.2449274|Langon
26698172|48.5902899|2.2477303|Arpajon
26698245|45.7330585|4.9965605|Genas
26698272|43.3508371|1.4770215|Auterive
26698273|43.4522053|5.8622940|Saint-Maximin-la-Sainte-Baume
26698295|49.2773562|-0.2579265|Ouistreham
26698366|47.3881023|0.8269289|Montlouis-sur-Loire
26698368|49.2368955|6.1736941|Talange
26698404|45.0354375|5.0520015|Bourg-de-Péage
26698408|49.3510904|0.5213177|Pont-Audemer
26698500|46.6291425|5.2232175|Louhans
26698516|47.3657074|-1.1761744|Ancenis
26698525|47.2493864|-1.4865339|Sainte-Luce-sur-Loire
26698578|47.5751429|6.7625312|Héricourt
26761400|43.2961743|5.3699525|Marseille
33029028|42.7065505|9.4525420|Bastia
50533254|41.5921091|9.2761531|Porto-Vecchio
51305031|42.3052904|9.1511935|Corte
51341115|41.9263991|8.7376029|Ajaccio
60086396|48.7466059|-0.5676373|Flers
65442261|43.6112422|3.8767337|Montpellier
88208282|48.1747684|6.4503643|Épinal
92990515|43.4057279|5.0548176|Martigues
240040687|46.0775797|6.4086189|Bonneville
246825527|16.0000778|-61.7333373|Basse-Terre
246825950|16.2408636|-61.5334077|Pointe-à-Pitre
246835820|14.6027962|-61.0676724|Fort-de-France
246837430|-20.8799889|55.4481370|Saint-Denis
246838029|-21.0331880|55.7131508|Saint-Benoît
246840320|-21.0006099|55.2771585|Saint-Paul
246842649|46.7775497|-56.1768672|Saint-Pierre
246843429|-12.7805856|45.2279908|Mamoudzou
247477762|16.3316709|-61.3476233|Le Moule
249861413|48.8990413|2.0942792|Saint-Germain-en-Laye
258513226|-17.5373835|-149.5659964|Papeete
269261093|-16.5067982|-151.7516539|Vaitape
269268434|-16.7146307|-151.0336977|Fare
271047808|18.0668544|-63.0848869|Marigot
275859151|48.8430257|2.6973858|Bussy-Saint-Georges
277101418|48.8567000|2.7855615|Serris
278939714|44.8422361|-0.6469599|Mérignac
279727393|16.2532002|-61.2750706|Saint-François
280274847|43.6924382|4.2754772|Vauvert
281385625|48.9274390|2.0428293|Poissy
282418648|16.0254805|-61.6981469|Saint-Claude
282979646|5.4989648|-54.0306793|Saint-Laurent-du-Maroni
284974098|5.1581197|-52.6426300|Kourou
285966631|44.8074559|-0.5488542|Bègles
285970590|44.9133742|-0.2427217|Libourne
285970800|44.8791708|-0.5216683|Lormont
285985177|45.2092471|5.7811983|Meylan
285986881|45.1909365|0.7184407|Périgueux
287938116|49.3304353|6.0636733|Hayange
291987644|-22.2745264|166.4424190|Nouméa
291990094|-21.0608439|164.8619054|Koné
291990808|-21.6115836|166.2155524|Thio
291991358|-20.7629843|167.0940087|Hunete
292041080|-20.4509085|166.5961364|Heo (St. Joseph)
297180485|48.3742317|-4.3696790|Plougastel-Daoulas
300009221|-21.2776484|55.5157955|Le Tampon
300009452|-21.2840124|55.4135962|Saint-Louis
300018212|-21.1277445|55.7922999|Sainte-Rose
300147171|16.2706436|-61.5057749|Les Abymes
300147542|16.2679458|-61.5870766|Baie-Mahault
306978708|16.2256850|-61.3859128|Sainte-Anne
306978797|16.2072112|-61.4931309|Le Gosier
306979169|16.0423322|-61.5697274|Capesterre-Belle-Eau
306993083|16.3311175|-61.4579237|Morne-à-l'Eau
306994869|16.1913912|-61.5903488|Petit-Bourg
308876894|44.8721050|-0.6761661|Le Haillan
310001039|-20.6506726|166.5357712|Fayaoué
311407081|48.8033057|2.4853015|Saint-Maur-des-Fossés
317611269|43.6154825|4.0098366|Mauguio
331848744|48.5150876|2.6347018|Dammarie-les-Lys
335342883|47.1281692|0.9979549|Loches
349075991|48.6646994|2.5648770|Combs-la-Ville
366623078|44.8842379|-0.6111474|Bruges
381988528|4.9371143|-52.3258307|Cayenne
390343899|49.4197222|0.2338889|Honfleur
391064866|43.6463558|0.5850507|Auch
393634060|14.6149952|-60.9028968|Le François
393803584|48.8385198|-0.8893293|Vire
393888094|48.8964741|-0.1999129|Falaise
394036979|44.0395151|1.1072875|Castelsarrasin
408501601|45.8872222|0.9011111|Saint-Junien
409700749|49.2764624|-0.7024738|Bayeux
411762897|-21.1677694|55.2881932|Saint-Leu
412476714|49.1828008|-0.3690815|Caen
413721525|49.9203419|4.0837186|Hirson
414163071|49.0457362|3.4027111|Château-Thierry
414168454|49.6148945|3.2189506|Chauny
416128934|49.5646650|3.6206860|Laon
416888159|49.8465253|3.2876843|Saint-Quentin
416911804|49.3837621|3.3276130|Soissons
416929736|49.6558465|3.2918511|Tergnier
416964008|49.2549479|3.0909275|Villers-Cotterêts
417094840|49.7735712|4.7206939|Charleville-Mézières
417183248|49.7033759|4.9433409|Sedan
418967528|46.7219444|-1.9441667|Saint-Hilaire-de-Riez
419349375|46.5358685|-1.7687019|Olonne-sur-Mer
419350174|46.4990505|-1.7767859|Les Sables-d'Olonne
419351255|46.5050000|-1.7361111|Château-d'Olonne
428787370|48.7431683|2.4023910|Orly
430478010|46.8479430|-1.8773787|Challans
431845635|-21.0526584|55.2190297|Saint-Gilles-les-Bains
433407931|46.4661122|-0.8063735|Fontenay-le-Comte
433635499|46.6705431|-1.4269698|La Roche-sur-Yon
433967264|46.8714322|-1.0150302|Les Herbiers
433993239|46.4555953|-1.1645595|Luçon
440655666|4.8496712|-52.3268695|Matoury
440655667|4.9050148|-52.2771642|Rémire-Montjoly
441785713|49.2031097|-0.3353513|Hérouville-Saint-Clair
441795692|49.1412393|-0.3506969|Ifs
457732073|-21.8629851|166.0509591|Boulouparis
459795753|49.1758467|-0.3205016|Mondeville
462269342|-20.8969654|55.5516281|Sainte-Marie
467514746|49.5805561|3.0000288|Noyon
471026452|-17.7385223|-149.5758588|Māra’a
471026453|-17.7728298|-149.4115696|Mataiea
471039123|-9.8037347|-139.0425737|Atuona
471040186|-9.9063513|-139.0679333|Motopu
471040204|-9.9706525|-139.1232880|Hapatoni
471040734|-8.9091181|-140.1026186|Taiohae
476028381|46.5886822|1.5191029|Argenton-sur-Creuse
478719005|50.3703966|3.5020684|Anzin
479833326|48.6708729|2.3750351|Viry-Châtillon
489348725|17.8957043|-62.8508372|Gustavia
490042184|43.4255303|6.7694244|Saint-Raphaël
491121000|48.1860576|0.6554511|La Ferté-Bernard
503412000|49.0447650|2.1059841|Saint-Ouen-l'Aumône
516276169|47.6968408|-0.0746149|La Flèche
518545529|16.3327353|-61.6981470|Sainte-Rose
518545532|16.3061627|-61.7938974|Deshaies
519536872|16.2703423|-61.6303025|Lamentin
530187571|14.6169451|-61.1004559|Schœlcher
532854179|-20.5613596|164.2811715|Koumac
533611069|14.5452941|-60.8398631|Le Vauclin
534455324|14.4869512|-60.9032777|Rivière-Pilote
535896084|-21.5669549|165.4968115|Bourail
535896085|-21.7099210|165.8261772|La Foa
536401939|14.5276731|-60.9787872|Rivière-Salée
536507978|14.5743247|-60.9719008|Ducos
536507981|14.5622729|-60.9326931|Saint-Esprit
536666771|14.7099590|-61.0060107|Gros-Morne
536675062|14.6145570|-61.0018145|Le Lamentin
536700398|14.6704060|-61.0384708|Saint-Joseph
552717524|45.9234886|6.6859905|Passy
559220970|-20.9042845|55.6061193|Sainte-Suzanne
559379858|-21.1360638|55.6399545|La Plaine des Palmistes
559379860|-20.9606333|55.6492731|Saint-André
559379863|-20.9987435|55.6847941|Bras-Panon
574256575|-22.1311499|166.3678601|Païta
606136474|-21.5204365|165.9648423|Canala
616836573|42.9841865|1.1464455|Saint-Girons
631671838|44.6205476|4.3902399|Aubenas
633972384|49.1157004|-1.0906637|Saint-Lô
639373121|49.3032900|-1.2463444|Carentan
640866637|49.0477920|-1.4454857|Coutances
647953515|45.7733105|4.8869339|Villeurbanne
651232388|48.6862085|-1.3579476|Avranches
653148752|44.6539428|-1.1755714|Arcachon
665240332|49.2065404|2.5846582|Senlis
666068733|48.6904063|2.3738090|Juvisy-sur-Orge
667250247|-17.5929204|-149.6063669|Punaauia
667250286|-17.5376926|-149.5420812|Pīra’e
667250287|-17.5310837|-149.5175680|’Ārue
676755332|48.9582708|2.8773541|Meaux
678283718|-13.2820419|-176.1740224|Matāʻutu
727761654|44.7411574|-0.6841225|Cestas
731556746|48.8976716|2.1026594|Le Pecq
736206756|44.1050886|1.0846682|Moissac
768092071|49.2540313|6.1678213|Hagondange
802031601|43.4064401|6.0616452|Brignoles
817362758|47.8263058|-0.7066665|Château-Gontier
823582966|48.3905283|-4.4860088|Brest
853602239|-20.9269658|55.3361334|La Possession
863929103|-22.1676665|166.4580117|Dumbéa
883510900|-20.3449580|164.4388081|Ouegoa
999426236|-20.9354584|55.2916763|Le Port
1104232005|-9.3658815|-140.0510096|Hakahau
1198535758|50.3644331|3.1117295|Sin-le-Noble
1230942010|-12.7242882|45.0588621|Acoua
1230942041|-12.8362311|45.1127841|Chiconi
1230942078|-12.9107086|45.0801256|Bouéni
1230942083|-12.9356731|45.1495113|Chirongui
1230942092|-12.7812427|45.2212366|Cavani
1230942108|-12.9132184|45.1949670|Bandrélé
1230942110|-12.9564961|45.1054296|Kani-Kéli
1230942206|-12.7357530|45.2067459|Koungou
1230942211|-12.7442495|45.2190802|Majicavo-Koropa
1230942236|-12.7727280|45.2247989|Kawéni
1230942239|-12.8518381|45.0993866|Sada
1256720911|48.6137734|2.4818087|Corbeil-Essonnes
1358669038|48.9105948|2.2890454|Asnières-sur-Seine
1362045879|48.4075514|-4.3965573|Le Relecq-Kerhuon
1363278030|48.8841522|2.2368863|Puteaux
1373899564|47.6863376|6.4946806|Lure
1391379638|48.8122302|2.3872525|Ivry-sur-Seine
1391681447|48.8474508|2.4396714|Vincennes
1393686792|48.8965023|2.4019804|Pantin
1393686793|48.9117290|2.3342670|Saint-Ouen-sur-Seine
1394052528|48.9109390|2.5460722|Clichy-sous-Bois
1395462998|48.8003680|2.2630292|Clamart
1401985476|49.0265888|2.2234971|Taverny
1401989859|50.3270926|3.3943729|Denain
1401995149|50.6056749|3.0778827|Ronchin
1402020860|50.1243363|3.4105032|Caudry
1402024580|50.5452102|3.0252819|Seclin
1402031504|43.5460533|1.4749101|Ramonville-Saint-Agne
1402036044|45.6739755|4.7540703|Brignais
1410818447|-21.2635603|55.4385678|La Rivière
1500107705|49.1460831|0.2255168|Lisieux
1522668290|45.5662672|5.9203636|Chambéry
1578261169|47.3282126|-2.4298014|Guérande
1580710029|47.2733517|-2.2138905|Saint-Nazaire
1584402899|47.2843726|-2.3951595|La Baule-Escoublac
1633388405|46.0437504|4.0337193|Riorges
1636008437|45.6950021|4.7928827|Saint-Genis-Laval
1649543080|48.0777517|7.3579641|Colmar
1655853073|43.6384247|4.8102927|Saint-Martin-de-Crau
1664142674|42.6985304|2.8953121|Perpignan
1665371116|43.8053654|4.6585115|Tarascon
1666887097|45.2399639|4.6675475|Annonay
1669875368|44.3517623|2.0375431|Villefranche-de-Rouergue
1669887810|44.5585148|2.2542071|Decazeville
1669887824|44.3747245|2.5770621|Onet-le-Château
1669973130|43.1837661|3.0042121|Narbonne
1681903701|47.6586772|-2.7599079|Vannes
1684032319|48.7586644|2.0510182|Voisins-le-Bretonneux
1690923675|43.4933379|-1.4750990|Bayonne
1690923732|43.4832523|-1.5592776|Biarritz
1690923777|43.4874963|-0.7738363|Orthez
1690923793|43.3870763|-1.6635695|Saint-Jean-de-Luz
1691675873|44.8412250|-0.5800364|Bordeaux
1699190123|48.4364696|1.4628645|Lucé
1701090139|43.7009358|7.2683912|Nice
1704314483|45.1836683|5.7544800|Saint-Martin-d'Hères
1722721815|-21.3789306|55.6190645|Saint-Joseph
1725596632|47.9323786|-2.3980800|Ploërmel
1726139750|43.1381313|6.2355346|La Londe-les-Maures
1736670592|44.0918144|6.2351431|Digne-les-Bains
1742488663|43.1147515|1.6082177|Pamiers
1768118373|48.0702298|1.3284948|Châteaudun
1768128336|48.4438601|1.4881434|Chartres
1768128337|48.7358807|1.3684254|Dreux
1768307718|48.3218090|0.8211488|Nogent-le-Rotrou
1824134704|-21.1360575|55.4725150|Cilaos
1826542380|43.3030044|-0.3905556|Billère
1826542391|43.3154079|-0.4097637|Lons
1826736640|43.4813927|-1.5149935|Anglet
1826832829|43.1922408|-0.6115586|Oloron-Sainte-Marie
1831822699|48.4048867|2.7207225|Avon
1836027948|43.9492493|4.8059012|Avignon
1836366040|43.7753495|7.5029213|Menton
1842661201|48.1244503|-1.2143310|Vitré
1867628722|14.4710778|-60.8702120|Le Marin
1867628723|14.4682982|-60.9218014|Sainte-Luce
1870236145|49.4151549|1.0897460|Sotteville-lès-Rouen
1871910362|44.2015624|0.6176324|Agen
1872239980|48.7322183|-3.4587994|Lannion
1874584007|44.4056615|0.7046455|Villeneuve-sur-Lot
1909747909|43.5405622|-1.4611915|Tarnos
1909836591|49.4938975|0.1079732|Le Havre
1952269090|47.3340704|5.0821629|Saint-Apollinaire
2017914837|43.7885782|4.8317498|Saint-Rémy-de-Provence
2023224385|48.7248752|3.7263127|Sézanne
2049521657|48.2721492|4.0979239|Saint-Julien-les-Villas
2106398123|44.7739701|-0.6139070|Gradignan
2160868168|44.9485379|-0.6052708|Parempuyre
2161085638|44.8854667|-0.6486943|Eysines
2162465067|44.8552882|-0.5239863|Cenon
2202486643|-16.8418409|-151.4023285|Taputapuātea
2202486644|-16.8034692|-151.4643798|Tumara’a
2291603268|-21.2657407|55.3669960|L'Étang-Salé
2299700955|-10.4637989|-138.6630869|Hanavave
2302306885|-17.5999720|-149.3064722|Hitiaʻa
2352684697|50.6274528|3.1092154|Hellemmes
2365356739|-21.3412980|55.4776174|Saint-Pierre
2439181244|14.6776144|-60.9390210|Le Robert
2510006513|14.7380399|-60.9645707|La Trinité
2510006515|14.7832700|-60.9930355|Sainte-Marie
2578422086|-20.9471320|55.3361816|La Possession
2603688540|-22.2265112|166.5255445|Mont-Dore
2725062491|44.0175835|1.3549991|Montauban
2989358394|45.6886292|5.9146362|Aix-les-Bains
4087946817|-17.7611449|-149.5042350|Papara
4176013292|46.2383347|1.4861387|La Souterraine
4270250305|47.5422109|-0.1040938|Baugé-en-Anjou
4364316839|-17.3436260|-145.5219197|Tukuhora
4373615897|48.9112025|2.3949547|Square des Roses
4382623091|43.6208797|4.0678475|Esplanade de l'Hortus
4407661785|48.9809250|2.0030818|Triel-sur-Seine
4417640598|45.6185185|5.1527931|Résidence Les Ravinelles
4480657737|50.6760968|3.0647175|Marquette-lez-Lille
4504578734|-21.2960017|55.4960273|Ligne des Bambous
4680472232|48.7245355|2.2647422|Le Campus
4917794615|48.7443788|2.2885090|Domaine Harmony
4918648426|47.3390608|-0.9098738|Mauges-sur-Loire
4929500039|-21.3606197|55.7660672|Saint-Philippe
5543784678|-16.7029600|-145.3559580|Hitianau
5545612932|-16.1324985|-146.3328588|Tupana
5545694898|-16.0563818|-145.6185919|Rotoava
5545861191|-21.4828324|-135.6386662|Marutea Sud
5545911727|-21.5623640|-135.5449873|
5545911728|-21.4782899|-135.5185086|
5693180316|44.8165073|-0.5531801|Le Parc de Richelieu
5823396783|43.6106511|1.0850772|Cité de la Vierge
6137337698|45.7885671|3.1034584|Le Nouveau Monde
6138741727|47.6815264|-0.8824077|Segré-en-Anjou-Bleu
6380704191|47.5482422|-2.8954137|Maisons du Golfe
6657842554|48.1096348|-1.6469547|Îlot F2 - Le Panoramik
6657877343|48.1096318|-1.6461884|Îlot H - Ô & Baud
6657877344|48.1089440|-1.6475295|Îlot F3 - Les Roseaux
6657877345|48.1090587|-1.6460623|Îlot I - Résidence Habitat Jeunes
6665807212|48.1266380|-1.6663731|Résidence du Guesclin
