8720639|
8721219|
8721439|
8721440|
8721477|
8722019|
8722061|Greentree Lane
8722313|West Main Street
8722533|North Street
8722655|Federal Avenue
8722656|Federal Avenue
8722791|Willana Street
8723080|East Braman Avenue
8723088|East Michigan Avenue
8723520|Church Street
8723575|1st Street
8723991|Marvin Street
8724091|East Second Street
8724163|Kay Street
8724192|Saint Louis Street
8724676|Ideal Avenue
8724863|West Braman Avenue
8724970|Platt Road
8725025|Spink Street
8725704|Everett Street
8725779|Gay Street
8725874|East Arkona Road
8726021|Yorkshire Square
8726135|Oak Street
8726479|Marvin Court
8726585|Welch Street
8726647|Lafayette Street
8726666|Case Drive
8727269|Iva Street
8727562|Argyle Court
8727630|East Phillips Avenue
8727949|Dolores Drive
8728314|Dexter Street
8728814|Gray Court
8728944|West Michigan Avenue
8729106|Lafayette Court
8729108|Lafayette Court
8729110|Lafayette Court
8729193|West 2nd Street
8729244|Spink Court Walk
8729296|Hack Street
8729326|York Street
8729537|Wabash Street
8729666|Wright Lane
8729800|Iva Court
8729930|Main Street
8729989|Lee Street
8729990|Lee Street
8730190|Bodley Crescent
8730393|Ferman Street
8730525|Elm Street
8730935|Ash Street
8731101|Hurd Street
8731103|Hurd Street
8731274|Smith Street
8731714|Cherry Street
8731799|West Lewis Avenue
8731952|Riverpointe Court
8732649|Tolan Street
8732804|East Miller Avenue
8733749|East Main Street
8733791|East Lewis Avenue
8733793|West Phillips Avenue
8734137|Ann Street
8734472|West Miller Avenue
8734691|Argyle Crescent
9146822|
9166963|Charlton Street
9167308|
9168083|Swain Street
9168108|
9168226|
9169272|
9169282|
9169433|Milan-Chauncey Road
9169449|Milan-Rhine Highway
9169553|Marie Conner Street
9169649|Coleman Street
9170055|Church Street
9170233|Main Street
9170432|
9171074|Cooper Avenue
9171121|Wendall Street
9171170|Cynthia Street
9171172|4th Avenue
9171335|Elizabeth Ellis Ln
9171571|Kendall Street
9171593|South Railroad Street
9171778|Milan Eastman Road
9171804|Antioch South Road
9171908|3rd Avenue
9171931|Parker Lane
9171933|Wayley Street
9171981|Swain Street
9171985|2nd Avenue
9171994|Cook Street
9172018|Lee Street
9172143|Wilburn Street
9172145|Wilburn Street
9172578|Seaborn Street
9172581|East County Line Road
9479093|
9479135|
9479258|
9479484|
9479668|Seay Street
9479732|
9479902|Johnson Street
9479999|
9480015|
9480106|Sandarm Street
9480109|
9480949|South Main Street
9481203|Birch Street
9481735|1st Avenue
9482074|Willow Street
9482081|Cherry Street
9482212|Cobb Street
9482242|North Railroad Street
9482449|Almond Street
9482451|Elm Street
9482457|Mount Zion Street
9482490|Lann Street
9482510|Pickren Street
9482511|Pickren Street
9482564|Marie Conner Road
9482601|Date Street
9482727|Chris Lane
9482779|Donnie Swanson Road
9482793|Lee Street
9482892|North Main Street
9483042|Milan Cemetery Road
9483112|South Railroad Street
9483291|North Street
13331979|
13332097|
13332313|
13332356|
13339187|
13339350|
13342148|West Main Street
13342308|Warren Avenue
13343822|Madison Street
13343827|Madison Street
13345129|East Main Street
13346295|Prairie Avenue
13346435|North Monroe Street
13346734|Monroe Street
13346743|North Adams Street
13347211|South Monroe Street
13347707|Franklin Street
13348150|Harrison Street
13349024|Market Street
13350282|Adams Street
13350284|Adams Street
13351183|Washington Street
14438795|Sky Top Community Park
14438796|Pinon Drive
14438797|Pinon Drive
14438798|Pinon Drive
14438801|Haystack Place
14439238|
14439239|
14439454|
14440793|
14441108|
14441577|
14443779|
14443957|
14446521|
14446523|
14446997|
14447172|
14447733|
14448070|
14448074|
14448448|
14448566|
14448733|
14448771|
14448789|
14448895|
14449803|
14451060|
14451063|
14451190|Emmons Avenue
14451205|Febco Street
14451207|Febco Street
14451250|Willow Drive
14451252|Willow Drive
14451267|Ralph Card Drive
14451270|Uranium Avenue
14451272|Uranium Avenue
14451273|Uranium Avenue
14451274|Uranium Avenue
14451277|North Street
14451290|Clay Street
14451303|Prewitt Street
14451306|Prewitt Street
14451340|Cottonwood Drive
14451368|Laurie Lee Drive
14451387|Stanley Avenue
14451388|Stanley Avenue
14451405|West Brooks Road
14451417|Saint Peter Drive
14451429|Aspen Avenue
14451430|Aspen Avenue
14451460|Crater Avenue
14451462|San Jose Avenue
14451497|Watertank Hill Avenue
14451499|Watertank Hill Avenue
14451513|Cedar Street
14451574|Westbrook Road
14451625|Nacata Avenue
14451705|Marmon Avenue
14451772|Berryhill Street
14451775|Berryhill Street
14451859|Elm Street
14451863|Pintada Avenue
14451865|Westbrook Street
14452173|Forest Park Road
14452180|Russell Avenue
14452191|Elkins Street
14452248|Preston Street
14452307|Saint Paul Avenue
14452442|South Street
14452611|Ambrosia Street
14452735|Horizon Boulevard
14452876|Mike Michaels Road
14452937|Chaves Avenue
14452938|Ralph Card Road
14452939|Ralph Card Road
14452963|Catalina Avenue
14452966|Catalina Avenue
14452977|Killough Drive
14452978|Milan Street
14453009|Tietjen Street
14453012|Martinez Avenue
14453030|Motel Drive
14453048|Dale Cornute Road
14453072|Richardo Drive
14453073|Richardo Drive
14453086|Pinon Street
14453088|Pinon Street
14453091|Pinon Street
14453092|Stewart Street
14453154|
14453164|Lava Avenue
14453165|Lava Avenue
14453179|Cactus Drive
14453233|Olmstead Avenue
14453380|Valencia Avenue
14453381|Valencia Avenue
14453382|Valencia Avenue
14453458|West Street
14453459|West Street
14453597|Center Street
14453647|Rinconada Drive
14453648|Rinconada Drive
14453685|Grey Street
14453717|East Street
14453718|East Street
14453723|Yokum Street
14453779|Victor Avenue
14453793|Michael Drive
14453846|San Mateo Drive
14453902|Aspen Drive
14453909|Sand Street
14453999|Thunderbird Road
14454030|Howie Avenue
17520975|East County Road 300 North
17521019|George Street
17521022|East Indian Trail
17521070|East Krick Drive
17521237|
17521318|
17521320|
17521358|
17521764|
17521768|West Ripley Street
17521825|
17524285|
17524295|
17524315|
17524388|
17524492|
17525142|
17525148|
17525204|
17525206|
17525208|
17525209|
17525222|
17525287|
17525289|
17525291|
17526988|
17527213|
17527226|
17528074|
17528961|
17529063|Ripley Street
17529697|
17529713|
17529716|
17529721|
17529723|
17529779|
17529782|
17530333|
17530341|
17530344|
17530356|
17530360|
17530419|
17530422|
17530425|
17530426|
17530431|
17531627|North County Road 800 East
17531795|Carr Street
17531805|East Mill Road
17531841|South Main Street
17531916|Depot Street
17531965|Ellsworth Street
17532184|Preble Street
17532222|East Ellis Street
17532237|Thompson Lane
17532285|Rose Street
17532294|Warn Place
17532295|Warn Place
17532433|Elliott Street
17532435|Dogwood Drive
17532456|Josephine Street
17532470|Lakeview Drive
17532597|Morrell Street
17532697|Catherine Street
17532968|East Carr Street
17532971|North Warpath Drive
17533034|Washington Street
17533074|South Warpath Drive
17533087|North Golfview Drive
17533089|North Golfview Drive
17533194|West Ellis Street
17533231|David Drive
17533263|Faulkner Street
17533278|
17533453|Warn Street
17533467|Rink Street
17533618|Ripley Street
17533619|Ripley Street
17533621|Ripley Street
17533632|North Washington Street
17533634|North Washington Street
17533787|Joseph Street
17533849|Locust Drive
17533940|West Indian Trail
17533943|Stone Street
17533953|Ronnie Court
17533983|North County Road 800 East
17533990|North County Road 800 East
17534004|Airport Road
17534023|Franklin Street
17534028|Wash Place
17534100|Ellis Street
17534140|West Ripley Street
17534307|Krick Drive
17534384|Hickory Lane
17534663|North Main Street
17534794|Woolery Street
17534816|Connely Street
17534914|Whitlach Way
17534962|Vine Street
17534963|Vine Street
17535012|Maple Street
17535123|St Charles St
17535171|King Street
17535179|Beatrice Drive
17535228|Mill Road
17535265|Willow Street
17535326|Hunter Court
17535328|Hunter Court
17535330|Clark Street
17535391|West Wood Street
17535468|Lakeside Drive
17535470|Hellers Trail
17535474|East County Road 375 North
17895213|
17895357|
17895384|
17895413|
17895512|
17896011|
17896046|
17896208|
17896411|Barnswallow Lane
17896507|Ann Marie Drive
17896728|Silver Fox
17896730|Silver Fox
17896893|Platt Road
17897081|Reed Way
17897203|Kevin Way
17897523|Milan Oakville Road
17898334|East Main Street
17898337|East Main Street
17898339|East Main Street
17898590|Canfield Street
17898763|
17899315|Faith Court
17900097|Dexter Street
17900318|Squires Drive
17900850|Goldfinch Lane
17900972|Wabash Street
17901489|Bluebird Lane
17901780|Richard Way
17901999|South Sanford Road
17902136|Anderson Street
17902139|Anderson Street
17902486|Jenny Way
17902568|Kathy Way
17902607|Park Lane
17902608|Bob White Lane
17902646|Allen Road
17903206|Richards Boulevard
17903233|O'Brian Drive
17903235|O'Brian Drive
17903253|Pennsylvania Street
17903305|Riverbend Drive
17904212|Brad Way
17904348|Division Street
17904366|Gump Lake Road
18039419|Garfield Avenue
18039421|Garfield Avenue
18039423|Garfield Avenue
18039425|Lac qui Parle Avenue
18039593|
18039741|
18040010|
18040045|
18040049|
18040062|
18040066|
18040115|
18040130|
18041935|
18042066|
18042129|
18043454|North 1st Street
18043459|60th Street Northwest
18043475|60th Street Northwest
18043513|McKinley Avenue
18043615|North 4th Street
18043750|South 4th Street
18043792|Summit Avenue
18043819|South 1st Street
18043873|Chippewa Avenue
18043891|Lincoln Avenue
18044019|Milwaukee Avenue
18044067|5th Street
18044071|5th Street
18044176|Central Avenue
18044185|North 3rd Street
18044208|North 2nd Street
18044220|Washington Avenue
18044302|South 2nd Street
18044626|South 3rd Street
18044627|South 3rd Street
18739326|Walnut Street
18739360|Line Street
18739606|
18739651|
18739652|
18739656|
18739661|
18739663|
18739668|
18739669|
18739715|
18739749|
18739752|
18739797|
18739828|
18739916|
18739965|
18740012|
18740020|
18740023|
18740027|
18740299|
18740314|
18740317|
18740319|
18740323|
18740340|
18740559|
18740997|
18741077|
18741215|
18741284|
18741679|
18741778|
18741788|
18741824|
18741825|
18741827|
18741833|
18741836|
18741860|
18741862|
18741934|
18741936|
18741944|
18742013|
18742016|
18742157|
18742229|
18742230|
18742253|
18742255|
18742280|
18742285|
18742286|
18742288|
18742350|
18742408|
18742410|
18742414|
18742416|
18742419|
18742420|
18742442|
18742444|
18742445|
18742447|
18742448|
18742450|
18742635|
18742795|
18743425|
18743488|
18743523|
18743527|
18743552|
18743553|
18743574|
18743578|
18743580|
18743671|
18743679|
18743681|
18743682|
18743688|
18743689|
18743814|Saint Marys Street
18743826|Infirmary Road
18743842|North Market Street
18743847|South Main Street
18743851|South Market Street
18743898|Glidewell Street
18743908|Oakwood Street
18743910|North Mack Street
18743912|North Mack Street
18743943|Circle Drive
18743948|Hill Street
18743949|Hill Street
18743955|North Painter Street
18743978|South Elm Street
18743998|West 5th Street
18744020|West Page Street
18744022|El Street
18744090|
18744137|
18744150|
18744158|
18744165|Glenn Street
18744177|North Broadway Street
18744181|South Water Street
18744247|South Painter Street
18744250|Broadway Street
18744262|East 4th Street
18744264|Reynolds Lane
18744334|State Highway C
18744340|Hawthorne Drive
18744341|Hawthorne Drive
18744372|Sunrise Lane
18744399|East 1st Street
18744464|Oak Street
18744590|West 2nd Street
18744594|Highland Drive
18744650|East 5th Street
18744689|South State Street
18744756|East 6th Street
18744757|East 6th Street
18744813|South Vine Street
18744820|Highland Street
18744821|Highland Street
18744823|Highland Street
18744824|Painter Street
18744875|East 7th Street
18744877|East 7th Street
18744896|West 3rd Street
18744914|K Street
18744977|North Pearl Street
18745058|Leewood Drive
18745145|East Garden Street
18745180|North Line Street
18745181|North Line Street
18745225|Mineral Lane
18745226|Mineral Lane
18745229|East 2nd Street
18745321|North Main Street
18745322|North Main Street
18745398|Butler Street
18745435|Vine Street
18745441|East Grand Avenue
18745446|Wildcat Lane
18745460|North Maple Street
18745474|Rice Street
18745516|East Rock Street
18745550|South Broadway
18745569|Spring Street
18745578|Southeast State Street
18745581|East 3rd Street
18745664|South Line Street
18745672|North Water Street
18745674|North Water Street
18745685|West 4th Street
18745686|West 4th Street
18745703|North Cherry Street
18745704|North Cherry Street
18745706|Leawood Drive
18745707|Cedar Street
18745708|South Cherry Street
18745710|South Pearl Street
18745775|North Elm Street
18745825|3rd Street
18745826|3rd Street
18745830|West 1st Street
18745832|West Grand Avenue
18745849|South Broadway Street
18745850|South Broadway Street
18745874|Parker Road
18745882|Grandview Avenue
18829387|Hillside Avenue
18829706|
18829708|
18829718|
18829721|
18829725|
18829727|
18829732|
18829733|
18829980|
18829986|
18830045|
18830642|
18830747|
18830934|
18830938|
18830960|
18830966|
18830992|
18830994|
18831080|
18831123|
18831421|
18831433|
18831435|
18831438|
18831440|
18831453|
18831456|
18831457|
18831459|
18831460|
18831462|
18831764|
18831798|
18831802|
18831877|
18832006|
18832007|
18832008|
18832010|
18832011|
18832015|
18832020|
18832035|
18832355|
18832362|
18832627|
18832628|
18832629|
18832636|
18832708|
18832715|
18832878|
18832879|
18832891|
18832894|
18832943|
18832945|
18832946|
18833025|
18833050|
18833084|
18833085|
18833086|
18833088|
18833089|
18833092|
18833226|
18833227|
18833230|
18833231|
18833243|
18833246|
18833257|
18833260|
18833267|
18833269|
18833485|
18833504|
18833510|
18833511|
18833513|
18833515|
18833519|
18833648|
18833656|
18833719|
18833721|
18833837|
18833844|
18833904|
18834176|
18834373|
18834556|
18834690|
18834712|
18834741|
18834955|
18834957|
18835019|
18835021|
18835024|
18835027|
18835031|
18835036|
18835509|
18835557|
18835584|
18835593|
18835596|
18835677|
18835683|
18835684|
18835848|
18835850|
18835851|
18835855|
18835857|
18835913|
18836057|
18836096|
18836097|
18836257|
18836404|
18836662|
18836703|
18836749|
18836878|
18836885|
18836888|
18836890|
18836897|
18836900|
18836903|
18836904|
18837110|
18837124|
18837128|
18837855|
18838265|
18838525|
18838527|
18838536|
18838549|
18838554|
18838596|
18838597|
18838606|
18838618|
18838622|
18838640|
18838857|
18838880|
18838948|
18839490|
18839498|
18839633|
18839641|
18839646|
18839657|
18839663|
18839669|
18839675|
18839693|
18839701|
18839703|
18839768|
18839865|
18839867|
18839873|
18839879|
18839880|
18839891|
18839892|
18839894|
18839899|
18840084|
18840087|
18840201|
18840238|
18840241|
18840341|
18840377|
18840444|
18840447|
18840453|
18840469|
18840514|Stearns Brook Road
18840561|
18840578|
18841018|
18841020|
18841033|
18841728|
18841733|
18841844|
18841849|
18842050|
18842125|
18842219|
18842251|
18842265|
18842274|
18842486|
18842489|
18842490|
18842493|
18842494|
18842496|
18842519|
18842540|
18842644|
18842683|
18842685|
18842749|
18842755|
18842757|
18842758|
18842761|
18842763|
18842876|
18842887|
18842908|
18842911|
18842915|
18843050|
18843133|
18843222|
18843224|
18843226|
18843229|
18843230|
18843232|
18843233|
18843236|
18843238|
18843356|
18843358|
18843360|
18843362|
18843363|
18843369|
18843372|
18843377|
18843383|
18843388|
18843391|
18843479|
18843480|
18843483|
18843536|
18843540|
18843645|
18843729|
18843731|
18843875|
18843990|
18843999|
18844003|
18844008|
18844009|
18844010|
18844015|
18844150|
18844153|
18844155|
18844159|
18844163|
18844170|
18844172|
18844174|
18844257|
18844263|
18844298|Spruce Street
18844419|Roberge Road
18844554|Shields Road
18844581|Hamlin Drive
18844582|Plain Road
18844620|Mason Drive
18844798|Horn Hill Road
18844857|Nay Pond Road
18844881|Closton Hill Road
18844894|State Garage Road
18844904|Pleasant Street
18844944|Owens Road
18845020|Malkol Drive
18845101|Letarte Road
18845108|Oak Hill Road
18845120|Oak Hill Road
18845175|Muzzy Hill Road
18845176|Muzzy Hill Road
18845261|Mullins Lane
18845360|Muzzey Hill Road
18845365|Ridge Road
18845366|Ridge Road
18845407|Cogswell Road
18845482|Birch Drive
18845650|Hill Road
18845691|Chandler Ledges Road
18845844|Berlin Road
18845916|Spring Road
18845935|Elm Street
18846073|Castle Drive
18846090|Chickwolnepy Road
18846164|Cedar Pond Drive
18846186|Copperville Road
18846272|State Route 110A
18846277|State Route 110A
18846319|Favreau Road
18846464|Valee Road
18846622|Overlook Road
18846625|Overlook Road
18846685|Chipper Lane
18846739|Bridge Street
18846834|West Village Road
18846967|Milan Road
18846972|Holt Road
18846985|Mountain View Road
18846999|Peabody Road
18847031|French Hill Road
18847035|Phipps Road
18847083|Railroad Street
18847166|Henry Drive
18847207|Goudreau Road
18847261|Hagar Road
18847386|East Side River Road
18847514|Spruceville Road
18847515|Spruceville Road
18847648|Chesley Road
18847649|Chesley Road
18847650|Milan Hill Fire Tower
18847668|West Milan Road
18847743|Lang Road
18848128|Sour Road
18848130|Sour Road
18848133|Ski Jump Parking Lot
18848358|East of River Road
18848431|Androscoggin Lane
18848443|Brannen Road
18848648|Milan Hill Road
18848791|Berlin-Groveton Road
18848813|Slippery Hill Road
18848837|Round Table Farm Road
18848841|Maple Lane
18848881|Laurel Lane
18848901|Mary Grande Road
18848949|Lorraine Road
18848971|Success Road
18848973|Success Road
18849090|Jodrie Lane
18849210|Young Road
18849235|Park Avenue
18849415|Pine Road
18849453|Baker Lane
18849454|Baker Lane
18849472|Heavenly Acres
19034533|Liberty Street
19034623|
19034625|
19034661|
19034842|
19034870|
19035231|
19035238|
19036573|
19036746|
19037123|
19037690|
19037914|Broad Street
19037941|South Center Street
19037980|West Judson Street
19038009|Pawnee Drive
19038271|Landsdown Street
19038275|Park Street
19038451|East Merry Street
19038452|West Merry Street
19038457|Elm Street
19038681|Berlin Street
19038707|Bank Street
19039183|Williams Street
19039241|South Edison Drive
19039248|West Front Street
19039271|North Main Street
19039339|Seminary Road
19039692|West Williams Street
19039734|East Front Street
19039753|Swan Street
19039967|West Church Street
19040094|Chippewa Drive
19040143|Bond Street
19040198|Perrin Road
19040199|North Huron Street
19040397|East Front Street
19040420|East Judson Street
19040586|Lockwood Road
19040588|East Church Street
19040634|Shawnee Street
19085330|
19085667|
19086699|
19088613|
19088809|
19089317|
19090442|
19090459|
19090915|
19090920|
19090972|
19091368|
19092158|
19092164|
19092824|Willow Drive
19093008|Sleepy Hollow Road
19093316|Winkle Road
19093390|Cherry Street
19093403|Pilgrim Circle
19094012|South Main Street 
19094177|Old State Road North
19094834|Melanie Lane
19094885|Perrin Road
19094932|Milan Manor Drive
19094937|Audrey Lane
19094943|Old State Road
19095188|
19278694|Wilcox Street
19278946|Kevin Court
19278950|Lauff Drive
19279661|Neckel Court
19280023|County Street
19280183|Ohio Street
19461774|Ratliff Drive
19461778|Ratliff Drive
19461837|Frank Street
19461844|Liberty Street
19462075|
19462140|
19462255|
19462296|
19462489|
19463026|
19463530|Gann Road
19463576|
19463578|
19463605|Fields Drive
19463627|Hilltop Street
19463943|Hartsfield Drive
19463958|Middle Road
19463993|Sanders Road
19464001|Oaklawn Street
19464003|Barren Field Drive
19464006|West Denny Drive
19464009|West Denny Drive
19464019|Milan Airport Road
19464027|Telecom Drive
19464038|Douglas Street
19464084|Thomas Street
19464155|Powell Street
19464172|Dolly Tom Drive
19464219|Wilson Street
19464227|Earl Cove
19464277|Ford Street
19464342|Thompson Avenue
19464392|Acorn Drive
19464429|West Main Street
19464500|Keel Street
19464518|McKellar Cove
19464535|Reasons Boulevard
19464536|Oakwood Circle
19464553|Lake Street
19464649|Williamson Street
19464652|Williamson Street
19464675|Gibson Highway
19464716|Hays Street
19464777|Collins Street
19464781|Collins Street
19464814|Brentwood Drive
19464851|Taylor Street
19464863|McKellar Drive
19464865|McKellar Drive
19464933|Cunningham Street
19464953|Cedar Square
19464965|Forest Street
19465016|Leona Street
19465086|Brockman Cove
19465093|Algee Lane
19465168|Robin Glenn Drive
19465178|Fairfield Drive
19465181|Weldon Street
19465295|East Broad Street
19465317|Roseland Street
19465323|Horton Street
19465412|College Street
19465420|College Street
19465522|Eagle Cove
19465569|Gold Medal Road
19465591|West Van Hook Street
19465598|Manner Frank Road
19465827|Northside Terrace
19465847|Walnut Street
19465887|Patton Street
19465949|Oakhill Drive
19465999|West Cherry Street
19466050|Elm Street
19466082|Molar Drive
19466094|Meadowbrook Cove
19466096|Meadowbrook Cove
19466139|South 2nd Street
19466141|South 2nd Street
19466156|Dogwood Lane
19466197|Caldwell Street
19466201|Sutton Drive
19466236|Lusk Street
19466316|Cathleen Cove
19466354|Clemmer Drive
19466358|Clemmer Drive
19466365|Meadowbrook Drive
19466366|Peoples Street
19466370|Dale Drive
19466437|I Windsor Road
19466474|Hill Street
19466486|Keaton Street
19466511|Pope Street
19466586|East Cherry Street
19466730|Sheppard Street
19466772|City Park Drive
19466853|McAllister Street
19466865|Oaklawn Cove
19466893|Garmany Street
19466901|Drake Loop
19466940|Cantrell Street
19466965|Maple Avenue
19466982|Goodman Drive
19466990|Heritage Way
19467065|West Woodrow Street
19467068|Bryant Street
19467069|Bryant Street
19467070|West Jackson Street
19467125|Le Payne
19467129|Terry Street
19467307|Northside Terrace
19467320|Culpepper Street
19467338|Dell Street
19467401|Scotts Cove
19467412|Turner Street
19467441|Pillow Street
19467571|North 2nd Street
19467575|Ragsdale Drive
19467864|Verdell Street
19467944|Barham Street
19467947|Southwest Front Street
19467950|Rhodes Street
19468153|Cumberland Road
19468224|Hunter Hts
19468257|South Main Street
19468296|West Front Street
19468301|West Front Street
19468306|L & N Road
19468331|Anderson Street
19468351|North Main Street
19468372|Belew Drive
19468423|Pierce Street
19468505|Harris Street
19468507|Spain Drive
19468568|Crestview Drive
19468575|East Jackson Street
19468639|Graball Drive
19468663|Wheeler Alley
19468665|Telecom Road
19468711|Rolling Meadow Street
19468745|Bringle Street
19468784|Denny Drive
19468786|Heritage Drive
19468842|Wildwood Street
19468882|Chickadee Drive
19468917|Ratliff Street
19468919|Stewart Street
19468921|Hawthorne Street
19468923|Short Anderson Street
19468925|Honeysuckle Lane
19469106|Flowers Street
19469233|Briarwood Cove
19469238|Industrial Drive
19469260|Stinson Road
19469269|Burrow Lane
19469302|Fuchs Street
19469313|Front Street
19469324|Ellis Street Apartment
19469329|Ellis Street Apartment
19469422|Craig Drive
19469430|Nance Street
19469467|Kefauver Drive
19469535|East Denny Drive
19469609|Esther Lane
19469636|Creswell Street
19469647|Bryant Cove
19469718|Kestner Street
19469734|Baird Street
19469742|North 1st Street
19469746|New Street
19469771|Shelia Drive
19469841|Smith Street
19469857|Carroll Street
19469958|Stinson Street
19469962|Karin Drive
19469978|Jones Boulevard
19469986|Woodlawn Street
19469999|Cates Square
19470061|McKellar Street
19470069|Westwood Mnr
19470071|Westwood Mnr
19470174|Forrest Hill
19470247|Short Street
19470338|East Cunningham Street
19470345|Planer Drive
19470358|Phelps Lane
19470364|Denton Fly Road
19470491|Hale Street
19470522|Moore Street
19470598|Milan Hts
19470600|Ennis Street
19470608|Randy Lane
19470673|Mimosa Trail
19470764|Barger Street
19470820|Robinson Street
19470823|Robinson Street
19470903|Peachtree Street
19470948|East Front Street
19471017|Chris Drive
19471054|Argus Street
19471087|Sitka Road
19471103|Ellis Street
19471118|Sunset Ridge
19471119|Sunset Ridge
19471127|Park Avenue
19471143|Patten Street
19471184|Dogwood Cove
19471198|Oakwood Drive
19471226|Wahl Street
19471261|South 1st Street
19471266|South 1st Street
19471271|Tangle Wood Drive
19471349|Ellington Cv
19471356|Ellington Drive
19471379|Ledbetter Road
19471397|Crestwell Street
19471435|Ford Road
19471535|East Woodrow Street
21989306|9th Street East
21989310|1st Street East
21989315|1st Street East
21989321|1st Street East
21989646|
21990090|2½th Street West
21990301|
21990472|
21990486|
21990602|
21991164|
21991167|
21991399|3rd Street Court West
21991487|Oak Drive
21991504|Front Street
21991550|Indian Bluff Road
21991576|Bruce Avenue
21991599|4th Avenue East
21991603|4th Avenue East
21991721|2nd Street West
21991785|11th Street West
21991789|34th Avenue Court West
21991796|5th Street Court West
21991832|6th Avenue East
21991851|9th Street East
21991871|8th Avenue West
21991872|8th Avenue West
21991894|17th Avenue East
21991897|17th Avenue East
21991923|6th Avenue East
21991954|6th Street West
21991958|West 5th Street
21991982|9th Avenue West
21991992|10th Street West
21992019|18th Avenue East
21992081|2nd Street West
21992128|8th Street East
21992172|19th Avenue East
21992174|19th Avenue East
21992248|5th Avenue West
21992257|14th Avenue East
21992375|9th Street West
21992472|17th Avenue West
21992541|20th Avenue West
21992543|15th Avenue East
21992544|
21992546|4th Street East
21992550|4th Street East
21992557|1st Avenue West
21992665|17th Frank Street East
21992722|16th Avenue East
21992764|Sycamore Lane
21992809|14th Avenue West
21992858|
21992870|3rd Avenue East
21992873|3rd Avenue East
21992874|3rd Avenue East
21992950|33rd Avenue West
21992955|4th Street West
21992999|East 3rd Street
21993094|West 19th Avenue Court
21993113|
21993231|
21993237|3½th Street East
21993251|North Avenue
21993315|3rd Avenue West
21993324|Kimble Court
21993477|East 3rd Avenue
21993488|Hilltop Court
21993570|Airport Road
21993624|Knoxville Road
21993627|10th Avenue East
21993656|Hilltop Drive
21993786|6th Street Court West
21993797|Frank Street
21993806|
21993821|12th Street East
21993868|30th Avenue West
21993955|28th Avenue West
21993988|18th Avenue Court East
21993991|31st Avenue West
21993995|
21994031|
21994054|29th Avenue West
21994057|4th Street Court East
21994136|Asbury Drive
21994184|12th Street West
21994233|8th Street
21994374|7th Street Court East
21994463|24th Street
21994530|6th Street East
21994556|East 1st Avenue
21994557|1st Avenue East
21994586|12th Avenue East
21994663|92nd Avenue West
21994708|3rd Street East
21994712|3rd Street East
21994716|3rd Street East
21994718|3rd Street East
21994720|3rd Street East
21994730|Sunshine Lane
21994741|5th Street East
21994743|5th Street East
21994792|
21994797|7th Street Court West
21994808|11th Avenue West
21994846|6th Street West
21994849|6th Street West
21994851|6th Street West
21994884|Big Island Road
21994904|12th Avenue West
21994905|12th Avenue West
21994944|84th Avenue West
21994993|West 18th Avenue Court
21994998|3rd Street West
21994999|3rd Street West
21995000|3rd Street West
21995001|3rd Street West
21995031|13th Avenue West
21995042|32nd Avenue East
21995070|5th Street West
21995071|5th Street West
21995443|Blackhawk Avenue
21995497|10th Avenue West
21995540|Sycamore Lane
21995620|32nd Avenue West
21995649|2nd Street East
21995693|1st Street West
21995697|1st Street West
21995832|East 2nd Street
21995834|2nd Street East
21995984|2nd Street West
21996012|65th Avenue West
21996194|2nd Avenue East
21996195|2nd Avenue East
21996427|
21996492|1st Avenue West
21996501|7th Street West
21996506|7th Street West
21996508|7th Street West
21996629|2nd Avenue West
21996790|4th Street East
21996941|Camp Road
21997024|Anderson Avenue
21997141|15th 1/2 Avenue East
21997235|6½th Street West
21997264|79th Avenue West
23217919|
27829114|Rue St-Ambroise
43961675|Chemin Dell
43961785|Chemin du Cimetière
43961803|
43961825|Chemin St-Joseph
43961856|
43961873|Chemin Nicholson
43961980|Chemin de la Yard
43961989|Chemin St-Léon
43962018|Chemin de la Yard
43962041|
43962170|Rang Sainte-Marie
43962296|Ruelle McLeod
43962359|Rue Macdonald
43962384|Chemin de la Yard
43962389|Rang St-Laurent
43962394|
48503228|
48505344|Airport Road
48505347|
48505350|
48505354|Catalina Avenue
48505356|Russell Avenue
48505362|Archer Street
48512071|
48512073|
48512075|
48512087|
48513850|
48513851|
48513857|Sand Street
48513859|Sand Street
48513863|
48513865|
48532655|
64142017|Mill Brook Trail
76437673|92nd Avenue West
76437675|
76437680|
76437681|
76437683|
76437687|Milan Beltway
76437688|Milan Beltway
76437691|
76437692|Milan Beltway
76437693|Milan Beltway
76437694|Milan Beltway
76437696|Milan Beltway
76437697|Milan Beltway
76536749|
76536750|
76536752|
76536753|
76536756|
76536757|
76536761|
76536763|
76536775|
76536776|
76536779|
76536785|
76536788|
76536790|
76536792|
76536795|
76536798|
82993663|
82994462|
82994670|
82994696|
82994770|
82994779|
83127993|
83127994|
83128010|
83128012|
83128047|
83128065|
83128071|
83128138|
83229539|
83229613|
83229635|
95899564|Workmore Milan Road
95907187|
95907684|Telfair Line Road (Dodge);County Line Road (Telfair)
99278463|Cynthia Street
99278551|Main Street
99279981|North Street
99279982|North Main Street
99279983|Pickren Street
99279987|South Railroad Street
99281111|North Railroad Street
99281112|Beasley Street
99281333|
99284617|
99284619|
99284620|Mount Zion Street
99284621|
99284622|
99284662|Almond Street
99284993|Pine Acres
99284994|Puckett Lane
99284996|
99284997|
99284998|
99284999|
99285001|
99285002|Parker Lane
99285093|Mimosa Lane
100767854|Plank Road
101457085|
101457090|
104934519|Historic Route 66
104934521|Horizon Boulevard
108528807|
111290036|South 1st Street
111290038|East Van Hook Street
111697620|Farm Lane
112573130|
113763328|
115811114|Kennedy Boulevard
115811115|
115811116|Meadowbrook Boulevard
115811117|Jefferson Lane
115811118|Morning Glory Lane
115811119|Truman Loop
115811120|
115811121|Poppy Lane
115811122|
115811124|Kennedy Boulevard
115811125|Eisenhower Lane
115811126|Beavwetail Lane
115811127|Daisy Lane
115811128|Jackson Lane
115811129|Jefferson Lane
115811130|Pierce Lane
115811131|Reagan Lane
115811132|
115811133|Honeysuckle Lane
119962444|South 1st Street
121341800|
121558351|6½th Street West
121559033|
121559036|
121559037|
121559038|
132138394|Federal Avenue
132138400|Federal Avenue
132138402|County Street
132138407|Milan Oakville Road
132148189|Carpenter Road
150277458|
150285842|
163762302|Sand Street
163762303|Sand Street
163762304|Sand Street
163762498|
163762499|
163762500|
163762501|
167016939|
167017158|4th Avenue West
167017159|1st Avenue East
167020300|
167020301|
167020302|
167020303|
167020305|
167020306|
167030036|
167030037|11th Street West
167030041|
167030042|
167030044|
167030188|
167030578|
167030583|1st Street West
167032215|
167066789|Sycamore Lane
167068776|
171198200|
171309601|Pleasant Cove
171312138|
171312139|Willow Trace Drive
171312140|Lea Lane
171312141|Hillcrest Drive
171314529|
171314530|
171318446|
171318447|Rolling Meadow Street
171319074|
171320253|
171320254|
171320255|
171320261|Highland Street
172624491|
174334830|Dexter Street
174334887|
177166813|
177166814|
177166815|
177166816|
177166817|
177167174|Milan Beltway
177167175|Milan Beltway
177167179|Milan Beltway
178544649|Uranium Avenue
181263253|Primrose Lane
181966947|Sioux Trail
183178817|Airport Road
183178868|
186843389|
186843390|
186843690|
186843691|
186843776|
190442343|North State Street
190442347|North State Street
190442351|West Baker Street
190442356|North State Street
195136616|York Pond Road
195137273|Stearns Brook Road
195137276|Stearns Brook Road
195138172|West Milan Road
195138174|West Milan Road
195410401|Medina Highway
195410407|Medina Highway
199163572|Kingfisher Street
199163575|East Roosevelt Lane
199163576|Asher Pass
199163577|Truman Loop
199163578|Eisenhower Lane
199163579|McKinley Lane
202448264|
202448266|
202448268|
223154099|Platt Road
226331565|Cedar Street
226331567|Laurie Lee Court
226331568|Victor Avenue
226331709|
226332411|Horizon Boulevard
226332830|
230167671|
230167762|Rue du Ruisseau
230175008|
240552370|Avian Court
240552374|Flora Drive
240552377|Meadow Circle East
240552378|Meadow Circle West
240552379|Meadow Circle East
240552382|Prarie Court
240552384|Prarie Court
240552385|Savanna Circle East
240552387|Woodland Circle
240552389|Conservancy Drive
240552390|Conservancy Drive
240552392|Conservancy Drive
240552393|Conservancy Drive
242394834|Eisenhower Lane
242394971|Eisenhower Lane
242397221|Prairie Lane
242397299|Sarah Lane
242397867|Sarah Lane
246261067|Historic Route 66
246261068|Historic Route 66
246398053|Horizon Boulevard
246398054|
246398055|
246398060|
246398063|
246398064|
246398065|
246398066|
246398067|
246398068|
252134619|Indian Hills Road
252142943|
252142944|Hillcrest Road
252142945|
252142946|
252142947|
252142949|4th Street West
252142950|5th Street West
252142951|Anderson Avenue
252143909|
252152771|
252152773|
252152774|Milan Beltway
252152779|Milan Beltway
252152781|
252152783|
252152784|Milan Beltway
252152786|
252152787|
252152788|
252152789|
252152790|
252152792|Milan Beltway
252157478|
252158947|
252158948|
252158949|
252158950|
252158951|
252158952|
252164246|
252164247|
252164248|
252164250|
252164252|
252164253|
252165187|
252165188|
252165887|
252165888|
252199968|Milan Beltway
252199969|Milan Beltway
252204721|
252204723|
252204725|Airport Road
252206271|Airport Road
252210554|
252210557|
252210990|
252210994|Milan Beltway
252212923|
252212924|
252212925|
252212926|Sunshine Lane
252212927|
252212928|
252212929|
252212930|
252212931|
252212932|
252212933|
252215311|
252215312|
252215313|
252215314|
252215315|
252215316|
252215317|
252216603|
252216604|
252216605|
252219912|14th Street Northeast
252289931|
252289932|Asbury Court
252289933|
252289934|
252289935|
252289936|10th Avenue East
252289937|10th Avenue East
252291134|3rd Street Court West
252313856|1st Street East
252313879|
252313883|
252313888|1st Street East
252313898|1st Street West
252339716|
252339717|
252340252|
252340253|
252340254|
252340255|
252340256|1st Street East
252340257|4th Street West
252340979|
252340980|
252340981|
252340982|
252340983|
252340984|
252340985|
252340986|4th Street West
252340987|
252340988|
252340989|
252340990|
252340991|
252342650|
252342652|4th Street West
252342653|
252363017|
252385035|
252385076|
252385077|
252385125|
252387075|
252387076|
252387077|1st Avenue East
252387082|4th Street East
252387084|
252387086|
252387087|
252387088|
252387089|
252387090|1st Avenue East
252387092|
252387093|
252387094|
252387095|
252387097|3rd Street East
252387098|
252387099|
252387101|
252387102|
252387103|2nd Avenue East
252387104|1st Avenue East
252387105|
252387106|
252387107|1st Avenue East
252387108|4th Avenue East
252387388|1st Avenue West
252655885|
252655888|4th Avenue West
252655889|4th Avenue West
252655892|
252655893|
252655895|
252655896|
252655897|
252676745|1st Avenue West
252676746|
252676747|
252676748|1st Avenue West
252676749|
252676750|
252676751|
252676752|
252688359|
252688361|
252688362|
252688363|1st Avenue West
252688364|
252691635|
252691638|
252691641|
252691643|10th Avenue West
252691645|10th Avenue West
252799986|
252799987|
252799988|
252799989|
252799990|
252799991|
252799994|
252799995|
252799996|
252799997|
252799998|
252799999|
252800000|
252800001|
260801348|O'Brian Drive
260801349|Yorkshire Square
260801350|Yorkshire Square
260801351|Yorkshire Square
260855554|
260858661|
260858662|
260858663|
260858664|
260858665|
260858666|
260858668|
260858835|Richards Boulevard
260858836|Richards Boulevard
265881678|
283037591|Chippewa Court
283038368|
283038369|
286845906|East Van Hook Street
288132597|Redman Road
290730809|
290730816|Lockwood Road
290821579|Hillcrest Court
290821580|Hillcrest Court
290825587|
290825588|South Main Street
290825594|North Edison Drive
290825598|South Main Street
290828587|South Huron Street
290828588|East Williams Street
290828589|East Wilcoxson Street
290828590|North Center Street
290828591|East Church Street
290828592|West Wilcoxson Street
291375515|
291375517|
294170733|
296301059|
296301061|
296301062|
301967672|
301967688|Middle Road
301967691|Middle Road
301967692|Creekside Drive
301967693|Brookstone Dr
301967694|Shoreline Dr
301967695|Coldwater Cv
301967696|King Street
301967697|Amanda Cv
304368719|Bridge Street
304368720|Bridge Street
304368748|
314128015|Dedmon Street
314128017|Dedmon Street
321678194|Savanna Circle West
321678220|Savanna Circle East
321679538|
322783132|
322783133|
322783134|
322783135|
322783136|
322783138|
322783678|
322783679|
322783680|
322783681|
322783682|
330236500|Chemin de Milan
338933373|Church Street
338933374|Church Street
346099266|
346099276|
346099284|
352373608|Church Street
354610803|
354610804|
354610805|
354610806|
354610807|
354610808|
357496984|
357834555|
357908326|
359415635|New Street
359415639|New Street
359627134|County Road 25
359650561|Church Street
360734195|East 3rd Street
360734203|West 3rd Street
364412679|
368026582|Chemin Ross
370206650|
370206651|Verdell Cove
373666480|
373922773|Arnold Street
373922774|Culpepper Street
373929978|Salem Road
373930466|
373938405|West Van Hook Street
373938410|West Van Hook Street
373938416|
373938418|
384766275|
388925796|3rd Street
388925809|East 3rd Street
388925816|Grandview Avenue
388925852|State Highway E
388925934|
388925935|
388925941|
388925943|
392637779|Bradford Highway
392637789|Bradford Highway
394619186|
394619187|
401885320|Kennedy Boulevard
401885322|
401885324|
403976002|
403976003|
403976004|
403976005|
403976006|
403976007|
403976008|
403976009|
403976010|
403976011|
403976012|
403976028|
403976029|
403976030|
403977915|
403977916|
403977917|
403977918|
415824241|
419914427|
425789656|
438551862|City Park Drive
438551865|
461233384|
461233385|
461233386|
461233387|
461233388|
461254887|
461254888|
461254945|
461254946|
466222012|
466222013|
466222637|
466222638|
466222639|
467654169|
467654170|
467655240|
467655242|
467655675|
467655972|
467664128|
467664727|
467665030|
467665124|
467665143|
467668877|
467669464|
467669465|
467669466|
467669467|
467670126|
467670127|
467670314|
467670325|
467670524|
471176235|Chemin St-Léon
471176239|Chemin du Lac McKenzie
471176242|Route 214
478180978|Chemin Gisla
478181229|
488091849|
488091850|
488091851|
488091852|
488091853|
488091854|
488091856|
488091857|
488091858|
488091859|
488091872|
488091873|
488091875|
491441999|Plank Road
505679370|
507292431|
507292434|
507292436|
507292441|
507292442|
507292444|
507294164|
507294165|
507294166|
507404839|
507404840|
507404841|
507404842|
507404847|
507404848|
507404849|
507404851|
507404852|
507404853|
507404857|
507404858|
507404859|
507404860|
507404861|
507415176|
507415180|
507415185|
507415194|
507415199|Chemin Tolsta
510224992|Stonehaven Court
510224993|North Street
510224994|North Street
510224995|Meadowbrook Boulevard
510224996|Meadowbrook Boulevard
510870572|
510870573|
510870574|
511825506|
511825507|
511845610|
511845611|
511845612|
511845626|
511845627|
512218357|East Main Street
512218358|County Street
512218359|
516544017|Pierce Lane
516544018|Pierce Lane
517295640|Dexter Street
517295641|Dexter Street
517295642|Dexter Street
517295643|Dexter Street
517295644|Dexter Street
517295646|Dexter Street
517295649|Dexter Street
533324159|
543412290|
543412291|
543412292|
543412293|
555812309|
555812310|
555812952|
555817214|
555817221|
555817225|
555819682|
557472956|
557473073|Alley
557682743|
557682744|
557682745|
557682746|
557682747|
557682748|
557682749|
557682750|
557682751|
557682752|
557682753|
557682754|
557682755|
557682756|
557682757|
557682758|
557682759|
557682760|
557682761|
557682762|
557682763|
557682764|
557682765|
557682766|
557682767|
557682768|
557682769|
557682770|
557682771|
557682772|
557682773|
557682774|
557682775|
557682776|
557682777|
564334596|
568345082|
568345083|
568345084|
569100600|Wabash Street
569100604|Wabash Street
569105414|
569105415|
583281658|
583281659|
583281660|
583281661|
589257786|
589257787|
589257788|
589257789|
589257790|
589257791|
589257792|
589257793|
589257794|
589257795|
589262393|
592495331|
592495332|
592495333|
592495334|
592734574|
592734575|
592734576|
592734577|
592734579|
592734581|
594728323|Milan Street
594728324|Milan Street
594728326|Airport Road
594728327|Airport Road
594728328|Clay Street
594728329|Clay Street
594728330|Grey Street
594728331|Sand Street
594728332|Sand Street
594728341|Stanley Avenue
594728342|Stanley Avenue
594728343|Historic Route 66
594728344|Historic Route 66
596246189|
596246190|
596246191|
596246192|
596246193|
596246194|
608567732|West Main Street
616871223|
616871224|
626862498|
647507210|
647507211|
650038957|
650038958|Milan Beltway
651906080|Dexter Street
655129375|Historic Route 66
656377431|
656377432|
665720813|Rang Victoria
671144913|Milan Oakville Road
671144914|County Street
671144915|County Street
671146677|East Main Street
671146678|East Main Street
674430089|
674430090|
677914236|
679498101|
679921758|
689317470|West Milan Road
689317471|West Milan Road
689317472|
689317473|
689317485|
689317486|
689361753|
690501209|Wood Thrush Way
691345866|Chickwolnepy Road
691345867|Chickwolnepy Road
691345868|East of River Road
691345869|East of River Road
691399303|Historic Route 66
691399304|Historic Route 66
691399305|Historic Route 66
691399306|Historic Route 66
691399307|Historic Route 66
691399308|Historic Route 66
697071022|Walmart entry/exit
697071031|
697071357|
697071358|
697071359|
697071360|
697071361|
697071362|
697071363|
697071364|
697071365|
697071366|
697071367|
697071368|
697071578|
697071763|
697072548|
697072549|
697072550|
697072555|
697072556|
697072557|
697072558|
697072559|
697072560|
697072561|
697073346|
697073348|
697073349|
697073350|
697073351|
697073352|
697073353|
697073354|
697073355|
697073356|
697073357|
697073881|
697073882|
697073883|
697073888|
697074658|
697074659|
697074660|
697075570|
697075571|
697075572|
697075573|
697075574|
697075620|
697075839|
698061254|
698731831|
699768020|
699768022|
699929037|Asbury Drive
701220264|
701222241|
701222242|
701222243|
701222625|
701222626|
701224332|
701224333|
701224334|
701224335|
701224336|
701224339|
701224340|
701224342|
701224343|
701224344|
701224345|
701224347|
701224348|
701225058|
701225059|
701225062|
701225063|
701225064|
701225065|
701225878|
701225879|
701225882|
701225884|
701225885|
701227899|
701227901|
701227903|
701227905|
701227906|
701227907|
701227908|
701227909|
701228267|
701228268|
701228931|
701228932|
701228933|
701230193|
702331429|
702332541|
702332543|
703155706|
703155707|
703155708|
703155709|
703155710|
703156647|
703156648|
703156649|
703156650|
703156651|
703158756|
703158757|
703158758|
703158761|
703158763|
703158764|
703158767|
703158768|
703160123|
703160124|
703160125|
703160126|
703160127|
703160128|
703160129|
703160130|
703160131|
703160132|
703160133|
703166986|
703166987|
703166988|
703166989|
703166990|
703166991|
703166992|
703166993|
703166994|
703166995|
703166996|
703166997|
703166998|College Street
703166999|
703167000|
703167001|
703167002|
703167003|
703167004|
703167005|
703167006|
703167007|
703167008|
703167009|
703167890|
703167891|
703167892|
703167893|
703167894|
703167895|
703172167|
703172168|
703172169|
703172170|
703172171|
703172172|
703172173|
703172174|
703172175|
703172176|
703173578|
703173579|
703173580|
703173581|
703173582|
703173583|
703174536|
703182505|
703182506|
703183727|
703183728|
703184355|
703184356|
703184357|
703184358|
703184359|
703185576|
703185577|
703185578|
703185580|
703185910|
703185911|
703186930|
703186931|
703186932|
703186933|
703186934|
703188425|
703188426|
703190271|
703190677|
703190678|
703190679|
703190680|
703190790|
703190791|
703190792|
703190793|
703192122|
703192123|
703192823|
703192824|
703192825|
703193029|
703193030|
703196553|
703198578|
703198579|
703198580|
703198581|
703198582|
703198583|
703198584|
703198585|
703198586|
703198587|
703198588|
703198589|
703246063|
703247205|
703247206|
703247211|
703247214|
703247215|
703247216|
703247220|
703267851|
703267852|
703267853|
703267854|
703267855|
703270330|
703270331|
703270332|
703270333|
703270340|
703270342|
703270344|
703270345|
703270346|
703494276|
703494277|
703494278|
703494279|
703494280|
703494281|
703494282|
703494283|
703494284|
703494732|
703494733|
703495734|
703495735|
703495736|
703495737|
703495738|
703495739|
703495740|
703495741|
703495742|
703495743|Highland Street
703496581|
703496582|
703496583|
703496584|
703496585|
703496586|
703496587|
703496928|
703497258|
703497259|
703497260|
703498167|
703498168|
703498169|
703498174|
703498175|
703498176|
703498177|
703498178|
703498179|
703499220|
703499221|
703499222|
703499223|
703499224|
703499225|
703499226|
703499227|
703502289|
703502290|
703502291|
703502292|
703502293|
703502294|
703502295|
703502296|
703502297|
703502298|
703502299|
703502300|
703502301|
703502302|
703502303|
703502304|
703502305|
703502306|
703502307|
703502308|
703502310|
705403213|
705403214|
705403215|
705403216|
706847424|
706847427|
706849450|
706849451|
706849454|
709343631|
709343632|
710285831|
718833774|
722423519|
722423520|
722423521|
722423522|
725314874|
725314875|
725314876|
725314877|
725314878|
725337477|
725337478|
725337479|
725351921|
725351922|
725351923|
725357473|
725402771|
725402772|
725402773|
725816920|
725856951|
727164375|Shaw Mill Road
730824160|1st Avenue West
730824161|1st Avenue West
730824163|10th Avenue West
730824164|4th Avenue West
730824165|4th Street West
732372273|Ellis Street
733706888|
733706889|
733706890|
733706891|
733709423|
733709424|
733709425|
733709426|
740863679|Route 214
740863680|Route 214
743265318|
743265319|
745319608|
745319609|
745319610|
745319620|
745319621|
745319622|
